condition,level,days,n_queries,Delivery Rate,Commonsense Constraint Micro Pass Rate,Commonsense Constraint Macro Pass Rate,Hard Constraint Micro Pass Rate,Hard Constraint Macro Pass Rate,Final Pass Rate
steer_immediate_minus91,easy,3,20,1.0,0.59375,0.0,0.0,0.0,0.0
steer_immediate_minus91,easy,5,20,1.0,0.4875,0.0,0.0,0.0,0.0
steer_immediate_minus91,easy,7,20,1.0,0.45,0.05,0.05,0.05,0.05
steer_immediate_minus91,hard,3,20,0.95,0.56875,0.0,0.0,0.0,0.0
steer_immediate_minus91,hard,5,20,1.0,0.4375,0.0,0.0,0.0,0.0
steer_immediate_minus91,hard,7,20,0.95,0.41875,0.0,0.0,0.0,0.0
steer_immediate_minus91,medium,3,20,1.0,0.6125,0.0,0.0,0.0,0.0
steer_immediate_minus91,medium,5,20,1.0,0.5125,0.0,0.0,0.0,0.0
steer_immediate_minus91,medium,7,20,1.0,0.4125,0.0,0.0,0.0,0.0
