x_now,y_later,t_delay,repeat_idx,prompt,response,response_for_parse,thinking_trace_removed_for_parse,choice,choose_y_binary
100,100,tomorrow,1,"What would you prefer?
Options:
  100$ now
  100$ in tomorrow
  Answer:
","The answer depends on the context and the perspective you're considering:

- **If you value immediate access to money**, you would prefer **$100 now**.  
- **If you believe that money tomorrow is still valuable and you can use it tomorrow**, you would prefer **$100 in tomorrow**.

However, in most cases, **$100 now** is generally preferred because it allows you to use the money immediately, avoid the risk of it not being available tomorrow, and take advantage of opportunities that arise with immediate access. 

**Answer: $100 now**.","The answer depends on the context and the perspective you're considering:

- **If you value immediate access to money**, you would prefer **$100 now**.  
- **If you believe that money tomorrow is still valuable and you can use it tomorrow**, you would prefer **$100 in tomorrow**.

However, in most cases, **$100 now** is generally preferred because it allows you to use the money immediately, avoid the risk of it not being available tomorrow, and take advantage of opportunities that arise with immediate access. 

**Answer: $100 now**.",False,x_now,0.0
100,100,week,1,"What would you prefer?
Options:
  100$ now
  100$ in week
  Answer:
","The answer depends on your personal preferences and financial situation. Here's a breakdown of the options:

1. **$100 now**: This gives you immediate access to the money, which can be useful if you need the funds right away. It’s good for emergencies, paying bills, or making a purchase.

2. **$100 in a week**: This gives you the opportunity to save or invest the money for a week, which might be beneficial if you want to grow the money slightly (e.g., through interest or investment). However, it also means you don’t have the cash available immediately.

**Answer:**","The answer depends on your personal preferences and financial situation. Here's a breakdown of the options:

1. **$100 now**: This gives you immediate access to the money, which can be useful if you need the funds right away. It’s good for emergencies, paying bills, or making a purchase.

2. **$100 in a week**: This gives you the opportunity to save or invest the money for a week, which might be beneficial if you want to grow the money slightly (e.g., through interest or investment). However, it also means you don’t have the cash available immediately.

**Answer:**",False,x_now,0.0
100,100,month,1,"What would you prefer?
Options:
  100$ now
  100$ in month
  Answer:
","The answer depends on your preferences and the context (e.g., financial goals, time value of money, risk tolerance). Here's a breakdown:

- **$100 now**: Immediate access to money, useful if you need it urgently or want to invest it immediately.  
- **$100 in a month**: Delayed payment, which might be better if you can earn interest on the money in the meantime or if you prefer to wait for a larger amount later (though in this case, it’s the same amount).  

**Answer**:  
It depends on your priorities. If you value immediate access, **$1","The answer depends on your preferences and the context (e.g., financial goals, time value of money, risk tolerance). Here's a breakdown:

- **$100 now**: Immediate access to money, useful if you need it urgently or want to invest it immediately.  
- **$100 in a month**: Delayed payment, which might be better if you can earn interest on the money in the meantime or if you prefer to wait for a larger amount later (though in this case, it’s the same amount).  

**Answer**:  
It depends on your priorities. If you value immediate access, **$1",False,y_later,1.0
100,100,year,1,"What would you prefer?
Options:
  100$ now
  100$ in year
  Answer:
","The answer depends on the context and your personal preferences, but here's a breakdown of the options:

- **$100 now**: This is immediate cash, which can be useful for urgent needs or opportunities that require quick action.  
- **$100 in a year**: This represents a future value, which could be worth more if interest is earned over the year.  

**Answer:**  
If you prioritize immediate access to money, **$100 now** is preferable. If you're willing to wait and consider potential interest or future value, **$100 in a year** might be better. However","The answer depends on the context and your personal preferences, but here's a breakdown of the options:

- **$100 now**: This is immediate cash, which can be useful for urgent needs or opportunities that require quick action.  
- **$100 in a year**: This represents a future value, which could be worth more if interest is earned over the year.  

**Answer:**  
If you prioritize immediate access to money, **$100 now** is preferable. If you're willing to wait and consider potential interest or future value, **$100 in a year** might be better. However",False,y_later,1.0
100,100,2 years,1,"What would you prefer?
Options:
  100$ now
  100$ in 2 years
  Answer:
","The answer depends on your personal preferences, financial situation, and risk tolerance. Here's a breakdown of the options:

1. **$100 now**: This is immediate cash, which can be useful for urgent needs or investments that require quick access to funds. It has no time value, but it's available right away.

2. **$100 in 2 years**: This option involves waiting, but it could be better if you can earn interest on the money in the meantime. However, it also carries the risk of inflation reducing the real value of the money over time.

**Answer**:  
If you need the money","The answer depends on your personal preferences, financial situation, and risk tolerance. Here's a breakdown of the options:

1. **$100 now**: This is immediate cash, which can be useful for urgent needs or investments that require quick access to funds. It has no time value, but it's available right away.

2. **$100 in 2 years**: This option involves waiting, but it could be better if you can earn interest on the money in the meantime. However, it also carries the risk of inflation reducing the real value of the money over time.

**Answer**:  
If you need the money",False,y_later,1.0
100,100,3 years,1,"What would you prefer?
Options:
  100$ now
  100$ in 3 years
  Answer:
","The answer depends on your personal preferences, financial situation, and risk tolerance. Here's a breakdown of the options:

1. **$100 now**: This is immediate access to money. It's useful if you need the cash right away, want to invest it immediately, or need it for an urgent expense.

2. **$100 in 3 years**: This option involves waiting, but it could be better if you can earn interest on the money in the meantime. For example, if you invest the $100 now, it might grow to more than $100 in 3 years due to interest","The answer depends on your personal preferences, financial situation, and risk tolerance. Here's a breakdown of the options:

1. **$100 now**: This is immediate access to money. It's useful if you need the cash right away, want to invest it immediately, or need it for an urgent expense.

2. **$100 in 3 years**: This option involves waiting, but it could be better if you can earn interest on the money in the meantime. For example, if you invest the $100 now, it might grow to more than $100 in 3 years due to interest",False,y_later,1.0
100,100,5 years,1,"What would you prefer?
Options:
  100$ now
  100$ in 5 years
  Answer:
","The answer depends on your personal preferences, financial situation, and risk tolerance. Here's a breakdown of the options:

1. **$100 now**: This is immediate cash. It's useful if you need the money right away, or if you can invest it and earn interest. However, it doesn't account for inflation or opportunity cost.

2. **$100 in 5 years**: This is a future value. If you can invest the money now and earn a return (e.g., 5% interest), the $100 in 5 years might actually be worth more than $100 today","The answer depends on your personal preferences, financial situation, and risk tolerance. Here's a breakdown of the options:

1. **$100 now**: This is immediate cash. It's useful if you need the money right away, or if you can invest it and earn interest. However, it doesn't account for inflation or opportunity cost.

2. **$100 in 5 years**: This is a future value. If you can invest the money now and earn a return (e.g., 5% interest), the $100 in 5 years might actually be worth more than $100 today",False,y_later,1.0
100,100,10 years,1,"What would you prefer?
Options:
  100$ now
  100$ in 10 years
  Answer:
","The answer depends on your personal preferences, financial situation, and time preferences. Here's a breakdown of the options:

1. **$100 now**: This is immediate cash. It's useful if you need the money right away, or if you can invest it and earn interest. However, it doesn't account for inflation or opportunity cost.

2. **$100 in 10 years**: This is a future value. If you wait 10 years, you'll have $100, but you might have to deal with inflation, which could make that amount worth less in today's currency. However,","The answer depends on your personal preferences, financial situation, and time preferences. Here's a breakdown of the options:

1. **$100 now**: This is immediate cash. It's useful if you need the money right away, or if you can invest it and earn interest. However, it doesn't account for inflation or opportunity cost.

2. **$100 in 10 years**: This is a future value. If you wait 10 years, you'll have $100, but you might have to deal with inflation, which could make that amount worth less in today's currency. However,",False,y_later,1.0
100,101,tomorrow,1,"What would you prefer?
Options:
  100$ now
  101$ in tomorrow
  Answer:
","The answer depends on the context and the perspective you're considering:

- **If you value immediate money**, you would prefer **$100 now** because you can use it immediately.
- **If you believe that money will grow or be worth more tomorrow**, you might prefer **$101 tomorrow**.

However, in most cases, **$100 now** is generally preferred because it allows you to use the money immediately, even though $101 is slightly more in the future. This is based on the principle of **time value of money**, where money today is worth more than the same amount in the","The answer depends on the context and the perspective you're considering:

- **If you value immediate money**, you would prefer **$100 now** because you can use it immediately.
- **If you believe that money will grow or be worth more tomorrow**, you might prefer **$101 tomorrow**.

However, in most cases, **$100 now** is generally preferred because it allows you to use the money immediately, even though $101 is slightly more in the future. This is based on the principle of **time value of money**, where money today is worth more than the same amount in the",False,y_later,1.0
100,101,week,1,"What would you prefer?
Options:
  100$ now
  101$ in week
  Answer:
","The answer depends on your preference for immediate rewards versus future rewards. Here's a breakdown:

- **Option 1: $100 now**  
  This is a guaranteed amount of money immediately. It’s useful if you need cash right away or prefer having money in hand.

- **Option 2: $101 in a week**  
  This offers a slightly higher amount in the future. It might be preferable if you can wait and are willing to take a small risk (e.g., trusting that the $101 will be delivered as promised).

**Answer:**  
It depends on your priorities. If you","The answer depends on your preference for immediate rewards versus future rewards. Here's a breakdown:

- **Option 1: $100 now**  
  This is a guaranteed amount of money immediately. It’s useful if you need cash right away or prefer having money in hand.

- **Option 2: $101 in a week**  
  This offers a slightly higher amount in the future. It might be preferable if you can wait and are willing to take a small risk (e.g., trusting that the $101 will be delivered as promised).

**Answer:**  
It depends on your priorities. If you",False,y_later,1.0
100,101,month,1,"What would you prefer?
Options:
  100$ now
  101$ in month
  Answer:
","The answer depends on your preferences, but here's a breakdown of the options:

- **Option 1:** $100 now  
  **Pros:** You can use the money immediately.  
  **Cons:** You miss out on potential growth or interest.

- **Option 2:** $101 in a month  
  **Pros:** You get a small extra amount after a month.  
  **Cons:** You have to wait, and there’s no guaranteed return.

**Answer:**  
If you prefer immediate use of money, **$100 now** is better.  
If you prefer a small extra amount","The answer depends on your preferences, but here's a breakdown of the options:

- **Option 1:** $100 now  
  **Pros:** You can use the money immediately.  
  **Cons:** You miss out on potential growth or interest.

- **Option 2:** $101 in a month  
  **Pros:** You get a small extra amount after a month.  
  **Cons:** You have to wait, and there’s no guaranteed return.

**Answer:**  
If you prefer immediate use of money, **$100 now** is better.  
If you prefer a small extra amount",False,x_now,0.0
100,101,year,1,"What would you prefer?
Options:
  100$ now
  101$ in year
  Answer:
","The answer depends on your preferences, but here's a breakdown of the options:

- **Option 1:** $100 now  
  **Pros:** You can use the money immediately.  
  **Cons:** You miss out on potential growth or interest.

- **Option 2:** $101 in a year  
  **Pros:** You get a small amount of money with time.  
  **Cons:** You don’t have access to the money right away, and there’s no guaranteed return.

**Answer:**  
If you prefer immediate access to money, **$100 now** is better.  
If","The answer depends on your preferences, but here's a breakdown of the options:

- **Option 1:** $100 now  
  **Pros:** You can use the money immediately.  
  **Cons:** You miss out on potential growth or interest.

- **Option 2:** $101 in a year  
  **Pros:** You get a small amount of money with time.  
  **Cons:** You don’t have access to the money right away, and there’s no guaranteed return.

**Answer:**  
If you prefer immediate access to money, **$100 now** is better.  
If",False,x_now,0.0
100,101,2 years,1,"What would you prefer?
Options:
  100$ now
  101$ in 2 years
  Answer:
","The answer depends on your personal preferences, risk tolerance, and time value of money. Here's a breakdown:

- **Option 1: $100 now**  
  This is immediate cash, which can be useful for immediate needs or investments that generate returns. It has no time delay, so it's valuable if you need the money right away.

- **Option 2: $101 in 2 years**  
  This offers a slightly higher amount in the future, but you’re waiting 2 years to receive it. If you can invest the $100 now and earn a return that exceeds the $","The answer depends on your personal preferences, risk tolerance, and time value of money. Here's a breakdown:

- **Option 1: $100 now**  
  This is immediate cash, which can be useful for immediate needs or investments that generate returns. It has no time delay, so it's valuable if you need the money right away.

- **Option 2: $101 in 2 years**  
  This offers a slightly higher amount in the future, but you’re waiting 2 years to receive it. If you can invest the $100 now and earn a return that exceeds the $",False,y_later,1.0
100,101,3 years,1,"What would you prefer?
Options:
  100$ now
  101$ in 3 years
  Answer:
","The answer depends on your personal preferences, risk tolerance, and the opportunity cost of money. Here's a breakdown:

- **$100 now** is immediately available, which is useful if you need the money urgently or want to invest it right away.  
- **$101 in 3 years** offers a slight increase in value over time, but it involves waiting and the risk of inflation or other factors affecting the $101 in the future.

If you prioritize immediate access and are risk-averse, **$100 now** might be preferable. If you believe in long-term growth and are willing to","The answer depends on your personal preferences, risk tolerance, and the opportunity cost of money. Here's a breakdown:

- **$100 now** is immediately available, which is useful if you need the money urgently or want to invest it right away.  
- **$101 in 3 years** offers a slight increase in value over time, but it involves waiting and the risk of inflation or other factors affecting the $101 in the future.

If you prioritize immediate access and are risk-averse, **$100 now** might be preferable. If you believe in long-term growth and are willing to",False,y_later,1.0
100,101,5 years,1,"What would you prefer?
Options:
  100$ now
  101$ in 5 years
  Answer:
","The answer depends on your personal preferences, risk tolerance, and time value of money. Here's a breakdown:

- **If you prefer immediate cash**: **$100 now** is better because you can use the money immediately.
- **If you prefer growth over time**: **$101 in 5 years** might be better, as it offers a small return (1% over 5 years) and could be part of a long-term strategy.
- **If you value certainty**: **$100 now** is more certain, while **$101 in 5 years** involves risk (e.g","The answer depends on your personal preferences, risk tolerance, and time value of money. Here's a breakdown:

- **If you prefer immediate cash**: **$100 now** is better because you can use the money immediately.
- **If you prefer growth over time**: **$101 in 5 years** might be better, as it offers a small return (1% over 5 years) and could be part of a long-term strategy.
- **If you value certainty**: **$100 now** is more certain, while **$101 in 5 years** involves risk (e.g",False,x_now,0.0
100,101,10 years,1,"What would you prefer?
Options:
  100$ now
  101$ in 10 years
  Answer:
","The answer depends on your personal preferences, risk tolerance, and time preferences. Here's a breakdown of the options:

- **$100 now**: This is immediate cash, which can be useful for immediate needs or opportunities. It has no time value, but it may lose value if inflation is high.

- **$101 in 10 years**: This is a future value that includes a small gain over time. It may be more attractive if you believe in the long-term growth of money (e.g., through investments) or if you are risk-averse and prefer certainty.

### If you prefer **immediate cash","The answer depends on your personal preferences, risk tolerance, and time preferences. Here's a breakdown of the options:

- **$100 now**: This is immediate cash, which can be useful for immediate needs or opportunities. It has no time value, but it may lose value if inflation is high.

- **$101 in 10 years**: This is a future value that includes a small gain over time. It may be more attractive if you believe in the long-term growth of money (e.g., through investments) or if you are risk-averse and prefer certainty.

### If you prefer **immediate cash",False,y_later,1.0
100,110,tomorrow,1,"What would you prefer?
Options:
  100$ now
  110$ in tomorrow
  Answer:
","The answer depends on the context and the perspective you're considering:

- **If you value immediate money**, you would prefer **$100 now** because you can use it immediately.
- **If you believe in the value of money growing over time**, you might prefer **$110 tomorrow** because it's worth more in the future.

However, **$110 tomorrow is not actually more valuable than $100 now** unless there is a guaranteed interest rate or some other factor that makes the future amount worth more. In most cases, **$100 now** is the better choice because it gives","The answer depends on the context and the perspective you're considering:

- **If you value immediate money**, you would prefer **$100 now** because you can use it immediately.
- **If you believe in the value of money growing over time**, you might prefer **$110 tomorrow** because it's worth more in the future.

However, **$110 tomorrow is not actually more valuable than $100 now** unless there is a guaranteed interest rate or some other factor that makes the future amount worth more. In most cases, **$100 now** is the better choice because it gives",False,y_later,1.0
100,110,week,1,"What would you prefer?
Options:
  100$ now
  110$ in week
  Answer:
","The answer depends on your personal preferences, risk tolerance, and financial goals. Here's a breakdown of the options:

- **$100 now**: This is a guaranteed amount, so it's risk-free and immediately available. It's ideal if you need the money right away or prefer certainty.

- **$110 in a week**: This offers a higher amount but requires waiting. It might be better if you can invest the $100 for a week and earn interest, or if you're willing to take on a small risk for a better return.

**Answer:**  
It depends on your priorities. If you prefer","The answer depends on your personal preferences, risk tolerance, and financial goals. Here's a breakdown of the options:

- **$100 now**: This is a guaranteed amount, so it's risk-free and immediately available. It's ideal if you need the money right away or prefer certainty.

- **$110 in a week**: This offers a higher amount but requires waiting. It might be better if you can invest the $100 for a week and earn interest, or if you're willing to take on a small risk for a better return.

**Answer:**  
It depends on your priorities. If you prefer",False,y_later,1.0
100,110,month,1,"What would you prefer?
Options:
  100$ now
  110$ in month
  Answer:
","The answer depends on your preferences, but here's a breakdown of the options:

- **Option 1:** $100 now  
  **Pros:** You can use the money immediately.  
  **Cons:** You miss out on potential growth or interest.

- **Option 2:** $110 in a month  
  **Pros:** You get $10 more in the future, which could be useful if you need the money later.  
  **Cons:** You don’t have access to the money right away.

**Answer:**  
If you prefer immediate access, **$100 now** is better.","The answer depends on your preferences, but here's a breakdown of the options:

- **Option 1:** $100 now  
  **Pros:** You can use the money immediately.  
  **Cons:** You miss out on potential growth or interest.

- **Option 2:** $110 in a month  
  **Pros:** You get $10 more in the future, which could be useful if you need the money later.  
  **Cons:** You don’t have access to the money right away.

**Answer:**  
If you prefer immediate access, **$100 now** is better.",False,x_now,0.0
100,110,year,1,"What would you prefer?
Options:
  100$ now
  110$ in year
  Answer:
","The answer depends on your preferences, but here's a breakdown of the options:

- **Option 1:** $100 now  
  **Pros:** You can use the money immediately.  
  **Cons:** You miss out on potential growth or interest.

- **Option 2:** $110 in one year  
  **Pros:** You get $10 more in the future, which could be useful if you need the money later.  
  **Cons:** You don’t have access to the money right away.

**Answer:**  
If you prefer immediate use of the money, **$100 now**","The answer depends on your preferences, but here's a breakdown of the options:

- **Option 1:** $100 now  
  **Pros:** You can use the money immediately.  
  **Cons:** You miss out on potential growth or interest.

- **Option 2:** $110 in one year  
  **Pros:** You get $10 more in the future, which could be useful if you need the money later.  
  **Cons:** You don’t have access to the money right away.

**Answer:**  
If you prefer immediate use of the money, **$100 now**",False,x_now,0.0
100,110,2 years,1,"What would you prefer?
Options:
  100$ now
  110$ in 2 years
  Answer:
","The answer depends on your personal preferences, risk tolerance, and the opportunity cost of money. Here's a breakdown of the options:

- **$100 now**: This is immediate cash, which can be useful for immediate needs or investments that can generate returns quickly.
- **$110 in 2 years**: This offers a higher amount in the future, but you're giving up the ability to use the money now. It also depends on whether the $110 will be worth more due to inflation or interest.

### If you prefer immediate access and are risk-averse:
**Answer: $100 now**","The answer depends on your personal preferences, risk tolerance, and the opportunity cost of money. Here's a breakdown of the options:

- **$100 now**: This is immediate cash, which can be useful for immediate needs or investments that can generate returns quickly.
- **$110 in 2 years**: This offers a higher amount in the future, but you're giving up the ability to use the money now. It also depends on whether the $110 will be worth more due to inflation or interest.

### If you prefer immediate access and are risk-averse:
**Answer: $100 now**",False,y_later,1.0
100,110,3 years,1,"What would you prefer?
Options:
  100$ now
  110$ in 3 years
  Answer:
","The answer depends on your personal preferences, risk tolerance, and the opportunity cost of money. Here's a breakdown of the options:

- **$100 now**: This is immediate cash, which can be useful for immediate needs or investments that can generate returns quickly.
- **$110 in 3 years**: This offers a higher amount in the future, but you're giving up the ability to use the money now. It also depends on whether the $110 will be worth more due to inflation or interest.

### If you prefer immediate access and are risk-averse:
**Answer: $100 now**","The answer depends on your personal preferences, risk tolerance, and the opportunity cost of money. Here's a breakdown of the options:

- **$100 now**: This is immediate cash, which can be useful for immediate needs or investments that can generate returns quickly.
- **$110 in 3 years**: This offers a higher amount in the future, but you're giving up the ability to use the money now. It also depends on whether the $110 will be worth more due to inflation or interest.

### If you prefer immediate access and are risk-averse:
**Answer: $100 now**",False,y_later,1.0
100,110,5 years,1,"What would you prefer?
Options:
  100$ now
  110$ in 5 years
  Answer:
","The answer depends on your personal preferences, risk tolerance, and time value of money. Here's a breakdown:

- **If you prefer immediate cash**: **$100 now** is better because you can use the money immediately.
- **If you prefer growth over time**: **$110 in 5 years** might be better, as it accounts for potential interest or inflation over time.

**Answer:**  
It depends on your priorities. If you value immediate access, **$100 now** is preferable. If you believe in long-term growth, **$110 in 5 years** might be better","The answer depends on your personal preferences, risk tolerance, and time value of money. Here's a breakdown:

- **If you prefer immediate cash**: **$100 now** is better because you can use the money immediately.
- **If you prefer growth over time**: **$110 in 5 years** might be better, as it accounts for potential interest or inflation over time.

**Answer:**  
It depends on your priorities. If you value immediate access, **$100 now** is preferable. If you believe in long-term growth, **$110 in 5 years** might be better",False,x_now,0.0
100,110,10 years,1,"What would you prefer?
Options:
  100$ now
  110$ in 10 years
  Answer:
","The answer depends on your personal preferences, risk tolerance, and time preferences. Here's a breakdown of the options:

- **$100 now**: This is a guaranteed amount of money immediately. It's useful if you need the money right away or prefer liquidity.

- **$110 in 10 years**: This offers a higher amount in the future, but you're giving up the opportunity to use the money now. It also depends on the opportunity cost of not having the money today.

### If you prefer immediate access and certainty:
**Answer: $100 now**

### If you believe in the long-term","The answer depends on your personal preferences, risk tolerance, and time preferences. Here's a breakdown of the options:

- **$100 now**: This is a guaranteed amount of money immediately. It's useful if you need the money right away or prefer liquidity.

- **$110 in 10 years**: This offers a higher amount in the future, but you're giving up the opportunity to use the money now. It also depends on the opportunity cost of not having the money today.

### If you prefer immediate access and certainty:
**Answer: $100 now**

### If you believe in the long-term",False,y_later,1.0
100,150,tomorrow,1,"What would you prefer?
Options:
  100$ now
  150$ in tomorrow
  Answer:
","The answer depends on your preference for immediate rewards versus future rewards. Here's a breakdown:

- **Option 1:** $100 now – This is a guaranteed amount of money immediately. It’s useful if you need cash right away or prefer having money in hand.

- **Option 2:** $150 tomorrow – This offers a slightly higher amount but requires waiting. It might be better if you can trust that the $150 will be available tomorrow and if you’re willing to delay gratification for a larger amount.

**Answer:**  
It depends on your priorities. If you value immediate access to money, **","The answer depends on your preference for immediate rewards versus future rewards. Here's a breakdown:

- **Option 1:** $100 now – This is a guaranteed amount of money immediately. It’s useful if you need cash right away or prefer having money in hand.

- **Option 2:** $150 tomorrow – This offers a slightly higher amount but requires waiting. It might be better if you can trust that the $150 will be available tomorrow and if you’re willing to delay gratification for a larger amount.

**Answer:**  
It depends on your priorities. If you value immediate access to money, **",False,y_later,1.0
100,150,week,1,"What would you prefer?
Options:
  100$ now
  150$ in week
  Answer:
","The answer depends on your personal preferences, risk tolerance, and financial goals. Here's a breakdown of the options:

- **$100 now**: This is a guaranteed amount, so it's safe and immediate. It's good if you need the money right away or prefer certainty.
- **$150 in a week**: This offers a higher amount but requires waiting. It might be better if you can wait and are willing to take on a small risk (e.g., the $150 is a promise that will be fulfilled).

**Answer:**  
If you prefer certainty and immediate access to money, **$1","The answer depends on your personal preferences, risk tolerance, and financial goals. Here's a breakdown of the options:

- **$100 now**: This is a guaranteed amount, so it's safe and immediate. It's good if you need the money right away or prefer certainty.
- **$150 in a week**: This offers a higher amount but requires waiting. It might be better if you can wait and are willing to take on a small risk (e.g., the $150 is a promise that will be fulfilled).

**Answer:**  
If you prefer certainty and immediate access to money, **$1",False,y_later,1.0
100,150,month,1,"What would you prefer?
Options:
  100$ now
  150$ in month
  Answer:
","The answer depends on your preferences, but here's a breakdown of the options:

- **Option 1:** $100 now  
  **Pros:** Immediate access to money, can be used for immediate needs or investments.  
  **Cons:** Less money overall compared to the other option.

- **Option 2:** $150 in a month  
  **Pros:** More money in the long run, may allow for better planning or savings.  
  **Cons:** Delayed access, may not be as useful if you need the money sooner.

**Answer:**  
It depends on your priorities. If you value immediate","The answer depends on your preferences, but here's a breakdown of the options:

- **Option 1:** $100 now  
  **Pros:** Immediate access to money, can be used for immediate needs or investments.  
  **Cons:** Less money overall compared to the other option.

- **Option 2:** $150 in a month  
  **Pros:** More money in the long run, may allow for better planning or savings.  
  **Cons:** Delayed access, may not be as useful if you need the money sooner.

**Answer:**  
It depends on your priorities. If you value immediate",False,y_later,1.0
100,150,year,1,"What would you prefer?
Options:
  100$ now
  150$ in year
  Answer:
","The answer depends on your preferences, but here's a breakdown of the options:

- **Option 1:** $100 now  
  **Pros:** You can use the money immediately.  
  **Cons:** You miss out on potential growth or interest.

- **Option 2:** $150 in one year  
  **Pros:** You get more money in the future.  
  **Cons:** You don’t have access to the money right away.

**Answer:**  
If you prefer immediate use of money, **$100 now** is better.  
If you prefer more money in the future, **","The answer depends on your preferences, but here's a breakdown of the options:

- **Option 1:** $100 now  
  **Pros:** You can use the money immediately.  
  **Cons:** You miss out on potential growth or interest.

- **Option 2:** $150 in one year  
  **Pros:** You get more money in the future.  
  **Cons:** You don’t have access to the money right away.

**Answer:**  
If you prefer immediate use of money, **$100 now** is better.  
If you prefer more money in the future, **",False,x_now,0.0
100,150,2 years,1,"What would you prefer?
Options:
  100$ now
  150$ in 2 years
  Answer:
","The answer depends on your personal preferences, risk tolerance, and time value of money. Here's a breakdown:

- **$100 now** is immediate and certain, but it doesn’t account for potential growth over time.  
- **$150 in 2 years** offers a higher amount in the future, but you’re locking in the money for a longer period.  

If you prioritize **immediate access** and **certainty**, **$100 now** might be preferable.  
If you believe in **growth** and are willing to forgo immediate cash, **$150 in 2","The answer depends on your personal preferences, risk tolerance, and time value of money. Here's a breakdown:

- **$100 now** is immediate and certain, but it doesn’t account for potential growth over time.  
- **$150 in 2 years** offers a higher amount in the future, but you’re locking in the money for a longer period.  

If you prioritize **immediate access** and **certainty**, **$100 now** might be preferable.  
If you believe in **growth** and are willing to forgo immediate cash, **$150 in 2",False,y_later,1.0
100,150,3 years,1,"What would you prefer?
Options:
  100$ now
  150$ in 3 years
  Answer:
","The answer depends on your personal preferences, risk tolerance, and the opportunity cost of money. Here's a breakdown of the options:

- **$100 now**: This is immediate cash, which can be useful for immediate needs or investments that can generate returns quickly.
- **$150 in 3 years**: This offers a higher amount in the future, but you're giving up the opportunity to use the money now. The value of $150 in 3 years depends on inflation, interest rates, and other factors.

### If you prefer immediate access and are risk-averse:
**Answer: $100","The answer depends on your personal preferences, risk tolerance, and the opportunity cost of money. Here's a breakdown of the options:

- **$100 now**: This is immediate cash, which can be useful for immediate needs or investments that can generate returns quickly.
- **$150 in 3 years**: This offers a higher amount in the future, but you're giving up the opportunity to use the money now. The value of $150 in 3 years depends on inflation, interest rates, and other factors.

### If you prefer immediate access and are risk-averse:
**Answer: $100",False,y_later,1.0
100,150,5 years,1,"What would you prefer?
Options:
  100$ now
  150$ in 5 years
  Answer:
","The answer depends on your personal preferences, risk tolerance, and time value of money. Here's a breakdown:

- **$100 now** is immediate and certain, but it doesn’t account for potential growth over time.  
- **$150 in 5 years** offers a higher amount in the future, but it requires waiting and assumes the $150 will be worth more than $100 in 5 years (considering inflation and interest).  

If you prioritize **immediate access** and **certainty**, **$100 now** might be preferable.  
If you believe in **","The answer depends on your personal preferences, risk tolerance, and time value of money. Here's a breakdown:

- **$100 now** is immediate and certain, but it doesn’t account for potential growth over time.  
- **$150 in 5 years** offers a higher amount in the future, but it requires waiting and assumes the $150 will be worth more than $100 in 5 years (considering inflation and interest).  

If you prioritize **immediate access** and **certainty**, **$100 now** might be preferable.  
If you believe in **",False,y_later,1.0
100,150,10 years,1,"What would you prefer?
Options:
  100$ now
  150$ in 10 years
  Answer:
","The answer depends on your personal preferences, risk tolerance, and time preferences. Here's a breakdown of the options:

- **$100 now**: This is a guaranteed amount of money immediately. It's useful if you need the money right away or prefer liquidity.

- **$150 in 10 years**: This offers a higher amount in the future, but you're giving up the opportunity to use the money now. It depends on your ability to wait and your belief in the value of money over time (e.g., inflation, interest rates).

### If you prefer immediate access and certainty:
**Answer: $1","The answer depends on your personal preferences, risk tolerance, and time preferences. Here's a breakdown of the options:

- **$100 now**: This is a guaranteed amount of money immediately. It's useful if you need the money right away or prefer liquidity.

- **$150 in 10 years**: This offers a higher amount in the future, but you're giving up the opportunity to use the money now. It depends on your ability to wait and your belief in the value of money over time (e.g., inflation, interest rates).

### If you prefer immediate access and certainty:
**Answer: $1",False,y_later,1.0
100,200,tomorrow,1,"What would you prefer?
Options:
  100$ now
  200$ in tomorrow
  Answer:
","The answer depends on the context and the perspective you're considering:

- **If you value immediate money**, you might prefer **$100 now** because you can use it immediately.
- **If you believe in the value of money growing over time**, you might prefer **$200 tomorrow** because it's more money in the future.

However, **$200 tomorrow** is actually more money than **$100 now**, so from a purely numerical perspective, **$200 in tomorrow** is better.

**Answer: 200$ in tomorrow**.","The answer depends on the context and the perspective you're considering:

- **If you value immediate money**, you might prefer **$100 now** because you can use it immediately.
- **If you believe in the value of money growing over time**, you might prefer **$200 tomorrow** because it's more money in the future.

However, **$200 tomorrow** is actually more money than **$100 now**, so from a purely numerical perspective, **$200 in tomorrow** is better.

**Answer: 200$ in tomorrow**.",False,y_later,1.0
100,200,week,1,"What would you prefer?
Options:
  100$ now
  200$ in week
  Answer:
","The answer depends on your personal preferences and financial situation. Here's a breakdown of the options:

- **Option 1: $100 now**  
  This is a lump sum available immediately. It’s good if you need money right away or want to use it for immediate needs.

- **Option 2: $200 in a week**  
  This gives you more money in the future, which might be better if you can wait and need the money later, or if you can invest the $100 now for better returns.

**Answer:**  
It depends on your priorities. If you need the money","The answer depends on your personal preferences and financial situation. Here's a breakdown of the options:

- **Option 1: $100 now**  
  This is a lump sum available immediately. It’s good if you need money right away or want to use it for immediate needs.

- **Option 2: $200 in a week**  
  This gives you more money in the future, which might be better if you can wait and need the money later, or if you can invest the $100 now for better returns.

**Answer:**  
It depends on your priorities. If you need the money",False,y_later,1.0
100,200,month,1,"What would you prefer?
Options:
  100$ now
  200$ in month
  Answer:
","The answer depends on your preferences, but here's a breakdown of the options:

- **Option 1:** $100 now  
  **Pros:** Immediate access to money, can be used for immediate needs or investments.  
  **Cons:** Less growth over time compared to the other option.

- **Option 2:** $200 in a month  
  **Pros:** More money in the future, could be better for long-term goals or saving.  
  **Cons:** Less immediate access, may require waiting for the money to arrive.

**Answer:**  
It depends on your priorities. If you prefer immediate use","The answer depends on your preferences, but here's a breakdown of the options:

- **Option 1:** $100 now  
  **Pros:** Immediate access to money, can be used for immediate needs or investments.  
  **Cons:** Less growth over time compared to the other option.

- **Option 2:** $200 in a month  
  **Pros:** More money in the future, could be better for long-term goals or saving.  
  **Cons:** Less immediate access, may require waiting for the money to arrive.

**Answer:**  
It depends on your priorities. If you prefer immediate use",False,y_later,1.0
100,200,year,1,"What would you prefer?
Options:
  100$ now
  200$ in year
  Answer:
","The answer depends on your preferences, but here's a breakdown of the options:

- **Option 1:** $100 now  
  **Pros:** You can use the money immediately.  
  **Cons:** You miss out on potential growth or opportunities that could come from waiting.

- **Option 2:** $200 in a year  
  **Pros:** You get more money in the future.  
  **Cons:** You don’t have access to the money right away, and there’s no guarantee that the $200 will actually be available.

**Answer:**  
If you prefer immediate access to money,","The answer depends on your preferences, but here's a breakdown of the options:

- **Option 1:** $100 now  
  **Pros:** You can use the money immediately.  
  **Cons:** You miss out on potential growth or opportunities that could come from waiting.

- **Option 2:** $200 in a year  
  **Pros:** You get more money in the future.  
  **Cons:** You don’t have access to the money right away, and there’s no guarantee that the $200 will actually be available.

**Answer:**  
If you prefer immediate access to money,",False,y_later,1.0
100,200,2 years,1,"What would you prefer?
Options:
  100$ now
  200$ in 2 years
  Answer:
","The answer depends on your personal preferences, risk tolerance, and time preferences. Here's a breakdown of the options:

- **$100 now**: This is a guaranteed amount of money immediately. It's useful if you need the money right away or prefer liquidity.
- **$200 in 2 years**: This offers a higher amount in the future, but you're giving up the opportunity to use the money now. It might be better if you can invest the $100 now and earn interest, or if you're confident you won't need the money in the short term.

**Answer:**  
It depends on","The answer depends on your personal preferences, risk tolerance, and time preferences. Here's a breakdown of the options:

- **$100 now**: This is a guaranteed amount of money immediately. It's useful if you need the money right away or prefer liquidity.
- **$200 in 2 years**: This offers a higher amount in the future, but you're giving up the opportunity to use the money now. It might be better if you can invest the $100 now and earn interest, or if you're confident you won't need the money in the short term.

**Answer:**  
It depends on",False,y_later,1.0
100,200,3 years,1,"What would you prefer?
Options:
  100$ now
  200$ in 3 years
  Answer:
","The answer depends on your personal preferences, risk tolerance, and time value of money. Here's a breakdown of the options:

- **$100 now**: This is immediate cash, which can be useful for immediate needs or investments that generate returns quickly.  
- **$200 in 3 years**: This offers a higher amount in the future, but you’re sacrificing the opportunity to use the money now.  

If you prioritize immediate access to money, **$100 now** might be preferable. If you believe that money will grow over time (e.g., through interest or investments), **$200","The answer depends on your personal preferences, risk tolerance, and time value of money. Here's a breakdown of the options:

- **$100 now**: This is immediate cash, which can be useful for immediate needs or investments that generate returns quickly.  
- **$200 in 3 years**: This offers a higher amount in the future, but you’re sacrificing the opportunity to use the money now.  

If you prioritize immediate access to money, **$100 now** might be preferable. If you believe that money will grow over time (e.g., through interest or investments), **$200",False,y_later,1.0
100,200,5 years,1,"What would you prefer?
Options:
  100$ now
  200$ in 5 years
  Answer:
","The answer depends on your personal preferences, risk tolerance, and time value of money. Here's a breakdown of the options:

- **$100 now**: This is immediate cash, which can be useful for immediate needs or investments that generate returns quickly.  
- **$200 in 5 years**: This offers a higher amount in the future, but you’re sacrificing the opportunity to use the money now.  

If you prioritize immediate access to money, **$100 now** might be preferable. If you believe that money will grow over time (e.g., through interest or investments), **$200","The answer depends on your personal preferences, risk tolerance, and time value of money. Here's a breakdown of the options:

- **$100 now**: This is immediate cash, which can be useful for immediate needs or investments that generate returns quickly.  
- **$200 in 5 years**: This offers a higher amount in the future, but you’re sacrificing the opportunity to use the money now.  

If you prioritize immediate access to money, **$100 now** might be preferable. If you believe that money will grow over time (e.g., through interest or investments), **$200",False,y_later,1.0
100,200,10 years,1,"What would you prefer?
Options:
  100$ now
  200$ in 10 years
  Answer:
","The answer depends on your personal preferences, risk tolerance, and time preferences. Here's a breakdown of the options:

- **$100 now**: This is a guaranteed amount of money immediately. It's useful if you need the money right away or prefer liquidity.
- **$200 in 10 years**: This offers a higher amount in the future, but you're giving up the opportunity to use the money now. It depends on your ability to wait and your belief in the value of money over time.

**Answer:**  
It depends on your priorities. If you prefer immediate access to money, **$10","The answer depends on your personal preferences, risk tolerance, and time preferences. Here's a breakdown of the options:

- **$100 now**: This is a guaranteed amount of money immediately. It's useful if you need the money right away or prefer liquidity.
- **$200 in 10 years**: This offers a higher amount in the future, but you're giving up the opportunity to use the money now. It depends on your ability to wait and your belief in the value of money over time.

**Answer:**  
It depends on your priorities. If you prefer immediate access to money, **$10",False,y_later,1.0
100,500,tomorrow,1,"What would you prefer?
Options:
  100$ now
  500$ in tomorrow
  Answer:
","The answer depends on your preference for immediate rewards versus future rewards. Here's a breakdown:

- **Option 1: $100 now**  
  This is a guaranteed amount of money immediately. It’s useful if you need cash right away or prefer having money in hand.

- **Option 2: $500 tomorrow**  
  This is a larger amount, but it’s not guaranteed and depends on whether you can trust the promise of receiving it tomorrow. It also means you’ll have to wait, which might be a trade-off if you need the money now.

**Answer:**  
It depends on your priorities.","The answer depends on your preference for immediate rewards versus future rewards. Here's a breakdown:

- **Option 1: $100 now**  
  This is a guaranteed amount of money immediately. It’s useful if you need cash right away or prefer having money in hand.

- **Option 2: $500 tomorrow**  
  This is a larger amount, but it’s not guaranteed and depends on whether you can trust the promise of receiving it tomorrow. It also means you’ll have to wait, which might be a trade-off if you need the money now.

**Answer:**  
It depends on your priorities.",False,y_later,1.0
100,500,week,1,"What would you prefer?
Options:
  100$ now
  500$ in week
  Answer:
","The answer depends on your personal preferences, risk tolerance, and financial goals. Here's a breakdown of the options:

- **$100 now**: This is a guaranteed amount, which is good if you need the money immediately or prefer certainty.  
- **$500 in a week**: This offers a larger amount but requires waiting. It might be better if you can wait and are willing to take on a bit of risk (e.g., the $500 might be a reward for a task or investment that takes time to materialize).

**Answer:**  
It depends on your priorities. If you prefer immediate access","The answer depends on your personal preferences, risk tolerance, and financial goals. Here's a breakdown of the options:

- **$100 now**: This is a guaranteed amount, which is good if you need the money immediately or prefer certainty.  
- **$500 in a week**: This offers a larger amount but requires waiting. It might be better if you can wait and are willing to take on a bit of risk (e.g., the $500 might be a reward for a task or investment that takes time to materialize).

**Answer:**  
It depends on your priorities. If you prefer immediate access",False,y_later,1.0
100,500,month,1,"What would you prefer?
Options:
  100$ now
  500$ in month
  Answer:
","The answer depends on your preferences, but here's a breakdown of the options:

- **$100 now**: This is a lump sum payment immediately. It's good if you need money right away or want to avoid waiting.
- **$500 in a month**: This is a larger amount but delayed by a month. It might be better if you can wait and need the money later, or if you can invest the $100 now for potential growth.

**Answer:**  
It depends on your situation. If you need the money immediately, **$100 now** is better. If you can wait","The answer depends on your preferences, but here's a breakdown of the options:

- **$100 now**: This is a lump sum payment immediately. It's good if you need money right away or want to avoid waiting.
- **$500 in a month**: This is a larger amount but delayed by a month. It might be better if you can wait and need the money later, or if you can invest the $100 now for potential growth.

**Answer:**  
It depends on your situation. If you need the money immediately, **$100 now** is better. If you can wait",False,y_later,1.0
100,500,year,1,"What would you prefer?
Options:
  100$ now
  500$ in year
  Answer:
","The answer depends on your preferences, but here's a breakdown of the options:

- **Option 1:** $100 now  
  **Pros:** You can use the money immediately.  
  **Cons:** You miss out on potential growth if you could invest it.

- **Option 2:** $500 in a year  
  **Pros:** You get more money in the future.  
  **Cons:** You don’t have access to the money right away, and there’s no guarantee the $500 will actually be available.

**Answer:**  
If you prefer immediate access and want to use the money","The answer depends on your preferences, but here's a breakdown of the options:

- **Option 1:** $100 now  
  **Pros:** You can use the money immediately.  
  **Cons:** You miss out on potential growth if you could invest it.

- **Option 2:** $500 in a year  
  **Pros:** You get more money in the future.  
  **Cons:** You don’t have access to the money right away, and there’s no guarantee the $500 will actually be available.

**Answer:**  
If you prefer immediate access and want to use the money",False,y_later,1.0
100,500,2 years,1,"What would you prefer?
Options:
  100$ now
  500$ in 2 years
  Answer:
","The answer depends on your personal preferences, risk tolerance, and time value of money. Here's a breakdown of the options:

- **$100 now**: This is immediate cash, which can be useful for immediate needs or investments that generate returns quickly.  
- **$500 in 2 years**: This offers a larger amount in the future, but you’re sacrificing the opportunity to use the money now. The value of $500 in 2 years depends on inflation, interest rates, and your personal financial goals.

### If you prefer immediate access and are risk-averse:  
**Answer: $10","The answer depends on your personal preferences, risk tolerance, and time value of money. Here's a breakdown of the options:

- **$100 now**: This is immediate cash, which can be useful for immediate needs or investments that generate returns quickly.  
- **$500 in 2 years**: This offers a larger amount in the future, but you’re sacrificing the opportunity to use the money now. The value of $500 in 2 years depends on inflation, interest rates, and your personal financial goals.

### If you prefer immediate access and are risk-averse:  
**Answer: $10",False,y_later,1.0
100,500,3 years,1,"What would you prefer?
Options:
  100$ now
  500$ in 3 years
  Answer:
","The answer depends on your personal preferences, risk tolerance, and time value of money. Here's a breakdown of the options:

- **$100 now**: This is immediate cash, which can be useful for immediate needs or investments that generate returns quickly.  
- **$500 in 3 years**: This offers a larger amount in the future, but you’re sacrificing the opportunity to use the money now. The value of $500 in 3 years depends on interest rates and inflation.

### If you prefer immediate access and are risk-averse:  
**Answer: $100 now**

### If you","The answer depends on your personal preferences, risk tolerance, and time value of money. Here's a breakdown of the options:

- **$100 now**: This is immediate cash, which can be useful for immediate needs or investments that generate returns quickly.  
- **$500 in 3 years**: This offers a larger amount in the future, but you’re sacrificing the opportunity to use the money now. The value of $500 in 3 years depends on interest rates and inflation.

### If you prefer immediate access and are risk-averse:  
**Answer: $100 now**

### If you",False,y_later,1.0
100,500,5 years,1,"What would you prefer?
Options:
  100$ now
  500$ in 5 years
  Answer:
","The answer depends on your personal preferences, risk tolerance, and time preferences. Here's a breakdown of the options:

- **$100 now**: This is a guaranteed amount of money immediately. It's useful if you need the money right away or prefer liquidity.

- **$500 in 5 years**: This is a larger amount in the future, but it involves waiting and taking on some risk (e.g., inflation, interest rates, or the possibility that the $500 might not be available as promised).

### If you prefer **immediate cash** and don't mind the smaller amount now, then **","The answer depends on your personal preferences, risk tolerance, and time preferences. Here's a breakdown of the options:

- **$100 now**: This is a guaranteed amount of money immediately. It's useful if you need the money right away or prefer liquidity.

- **$500 in 5 years**: This is a larger amount in the future, but it involves waiting and taking on some risk (e.g., inflation, interest rates, or the possibility that the $500 might not be available as promised).

### If you prefer **immediate cash** and don't mind the smaller amount now, then **",False,x_now,0.0
100,500,10 years,1,"What would you prefer?
Options:
  100$ now
  500$ in 10 years
  Answer:
","The answer depends on your personal preferences, risk tolerance, and time preferences. Here's a breakdown of the options:

- **$100 now**: This is a guaranteed amount of money immediately. It's useful if you need the money right away or prefer liquidity.

- **$500 in 10 years**: This is a larger amount in the future, but it involves waiting and assuming that the $500 will be available when promised. It also depends on factors like inflation, interest rates, and whether the $500 is adjusted for inflation.

### If you prefer:
- **Immediate access and certainty**:","The answer depends on your personal preferences, risk tolerance, and time preferences. Here's a breakdown of the options:

- **$100 now**: This is a guaranteed amount of money immediately. It's useful if you need the money right away or prefer liquidity.

- **$500 in 10 years**: This is a larger amount in the future, but it involves waiting and assuming that the $500 will be available when promised. It also depends on factors like inflation, interest rates, and whether the $500 is adjusted for inflation.

### If you prefer:
- **Immediate access and certainty**:",False,y_later,1.0
100,1000,tomorrow,1,"What would you prefer?
Options:
  100$ now
  1000$ in tomorrow
  Answer:
","The answer depends on the context and the perspective you're considering:

- **If you value immediate money**, you might prefer **$100 now** because you can use it immediately.
- **If you believe in the value of money growing over time**, you might prefer **$1000 tomorrow** because it's a larger amount in the future.

However, **$1000 tomorrow** is not a guaranteed amount. If it's a hypothetical choice, the answer could be:

**Answer: $1000 tomorrow** (assuming you believe in the potential growth of money or the value of the larger amount","The answer depends on the context and the perspective you're considering:

- **If you value immediate money**, you might prefer **$100 now** because you can use it immediately.
- **If you believe in the value of money growing over time**, you might prefer **$1000 tomorrow** because it's a larger amount in the future.

However, **$1000 tomorrow** is not a guaranteed amount. If it's a hypothetical choice, the answer could be:

**Answer: $1000 tomorrow** (assuming you believe in the potential growth of money or the value of the larger amount",False,y_later,1.0
100,1000,week,1,"What would you prefer?
Options:
  100$ now
  1000$ in week
  Answer:
","The answer depends on your personal preferences and financial situation. Here's a breakdown of the options:

1. **$100 now**: This is a smaller amount but available immediately. It might be preferable if you need the money right away or if you value immediate access to funds.

2. **$1000 in a week**: This is a larger amount, but you have to wait a week to receive it. It might be preferable if you can wait and need the extra money later, or if you're looking for a better return on investment over time.

**Answer:**  
It depends on your priorities. If you need","The answer depends on your personal preferences and financial situation. Here's a breakdown of the options:

1. **$100 now**: This is a smaller amount but available immediately. It might be preferable if you need the money right away or if you value immediate access to funds.

2. **$1000 in a week**: This is a larger amount, but you have to wait a week to receive it. It might be preferable if you can wait and need the extra money later, or if you're looking for a better return on investment over time.

**Answer:**  
It depends on your priorities. If you need",False,y_later,1.0
100,1000,month,1,"What would you prefer?
Options:
  100$ now
  1000$ in month
  Answer:
","The answer depends on your preferences, but here's a breakdown of the options:

- **$100 now**: This is a lump sum payment immediately. It's useful if you need money right away or want to avoid waiting.
- **$1000 in a month**: This gives you more money later, which might be better if you can invest or save the $100 now for future use.

**Answer:**  
It depends on your situation. If you need the money immediately, **$100 now** is better. If you can wait and want more money later, **$1000","The answer depends on your preferences, but here's a breakdown of the options:

- **$100 now**: This is a lump sum payment immediately. It's useful if you need money right away or want to avoid waiting.
- **$1000 in a month**: This gives you more money later, which might be better if you can invest or save the $100 now for future use.

**Answer:**  
It depends on your situation. If you need the money immediately, **$100 now** is better. If you can wait and want more money later, **$1000",False,y_later,1.0
100,1000,year,1,"What would you prefer?
Options:
  100$ now
  1000$ in year
  Answer:
","The answer depends on your perspective and the value you place on time. Here's a breakdown:

- **$100 now**: This is immediate money, which can be useful for urgent needs or opportunities that require quick action. It has immediate utility but no growth over time.

- **$1000 in a year**: This represents a future value that could grow through interest or inflation, but it also means waiting a year to access the money. If you can invest the $100 now, it might grow more than $1000 in a year, depending on the interest rate.

**Answer**:  
It","The answer depends on your perspective and the value you place on time. Here's a breakdown:

- **$100 now**: This is immediate money, which can be useful for urgent needs or opportunities that require quick action. It has immediate utility but no growth over time.

- **$1000 in a year**: This represents a future value that could grow through interest or inflation, but it also means waiting a year to access the money. If you can invest the $100 now, it might grow more than $1000 in a year, depending on the interest rate.

**Answer**:  
It",False,y_later,1.0
100,1000,2 years,1,"What would you prefer?
Options:
  100$ now
  1000$ in 2 years
  Answer:
","The answer depends on your personal preferences, risk tolerance, and financial situation. Here's a breakdown of the options:

- **$100 now**: This is immediate cash, which can be useful for urgent needs or investments that require quick access to funds. It has no time value, but it's available right away.

- **$1000 in 2 years**: This option offers a larger amount in the future, but you're giving up the opportunity to use the money now. It also involves the risk of inflation or changes in the value of money over time.

If you prioritize immediate access and liquidity, **$1","The answer depends on your personal preferences, risk tolerance, and financial situation. Here's a breakdown of the options:

- **$100 now**: This is immediate cash, which can be useful for urgent needs or investments that require quick access to funds. It has no time value, but it's available right away.

- **$1000 in 2 years**: This option offers a larger amount in the future, but you're giving up the opportunity to use the money now. It also involves the risk of inflation or changes in the value of money over time.

If you prioritize immediate access and liquidity, **$1",False,y_later,1.0
100,1000,3 years,1,"What would you prefer?
Options:
  100$ now
  1000$ in 3 years
  Answer:
","The answer depends on your personal preferences, risk tolerance, and time value of money. Here's a breakdown of the options:

- **$100 now**: This is immediate cash, which can be useful for immediate needs or investments that generate returns quickly.  
- **$1000 in 3 years**: This represents a larger amount in the future, but you’re sacrificing the opportunity to use the money now.  

### If you prefer **immediate access** and are risk-averse:  
**Answer: $100 now**

### If you believe in **long-term growth** and are willing to wait:","The answer depends on your personal preferences, risk tolerance, and time value of money. Here's a breakdown of the options:

- **$100 now**: This is immediate cash, which can be useful for immediate needs or investments that generate returns quickly.  
- **$1000 in 3 years**: This represents a larger amount in the future, but you’re sacrificing the opportunity to use the money now.  

### If you prefer **immediate access** and are risk-averse:  
**Answer: $100 now**

### If you believe in **long-term growth** and are willing to wait:",False,y_later,1.0
100,1000,5 years,1,"What would you prefer?
Options:
  100$ now
  1000$ in 5 years
  Answer:
","The answer depends on your personal preferences, risk tolerance, and financial goals. Here's a breakdown of the options:

- **$100 now**: This is immediate cash, which can be useful for urgent needs or investments that require quick access to funds. It has no time value, but it's available right away.

- **$1000 in 5 years**: This option involves waiting, but it offers a much larger amount in the future. However, it doesn't account for inflation or the opportunity cost of not having the money now.

### If you prefer immediate access and don't need the money in the future:","The answer depends on your personal preferences, risk tolerance, and financial goals. Here's a breakdown of the options:

- **$100 now**: This is immediate cash, which can be useful for urgent needs or investments that require quick access to funds. It has no time value, but it's available right away.

- **$1000 in 5 years**: This option involves waiting, but it offers a much larger amount in the future. However, it doesn't account for inflation or the opportunity cost of not having the money now.

### If you prefer immediate access and don't need the money in the future:",False,y_later,1.0
100,1000,10 years,1,"What would you prefer?
Options:
  100$ now
  1000$ in 10 years
  Answer:
","The answer depends on your personal preferences, risk tolerance, and time preferences. Here's a breakdown of the options:

- **$100 now**: This is immediate cash, which can be useful for immediate needs or investments that can generate returns quickly. It's good if you need money right away or prefer liquidity.

- **$1000 in 10 years**: This is a larger amount in the future, but it requires waiting. If you're risk-averse or believe that money will grow over time (e.g., through interest, inflation, or investments), this might be preferable. However, if you value immediate","The answer depends on your personal preferences, risk tolerance, and time preferences. Here's a breakdown of the options:

- **$100 now**: This is immediate cash, which can be useful for immediate needs or investments that can generate returns quickly. It's good if you need money right away or prefer liquidity.

- **$1000 in 10 years**: This is a larger amount in the future, but it requires waiting. If you're risk-averse or believe that money will grow over time (e.g., through interest, inflation, or investments), this might be preferable. However, if you value immediate",False,y_later,1.0
100,10000,tomorrow,1,"What would you prefer?
Options:
  100$ now
  10000$ in tomorrow
  Answer:
","The answer depends on the context and the perspective you're considering:

- **If you value immediate money**, you might prefer **$100 now** because you can use it immediately.
- **If you believe in the value of money growing over time**, you might prefer **$10,000 tomorrow** because it's a much larger amount, even though it's delayed.

However, **$10,000 tomorrow is significantly more valuable than $100 now**, so the better choice would typically be **$10,000 tomorrow**. 

**Answer: $10,0","The answer depends on the context and the perspective you're considering:

- **If you value immediate money**, you might prefer **$100 now** because you can use it immediately.
- **If you believe in the value of money growing over time**, you might prefer **$10,000 tomorrow** because it's a much larger amount, even though it's delayed.

However, **$10,000 tomorrow is significantly more valuable than $100 now**, so the better choice would typically be **$10,000 tomorrow**. 

**Answer: $10,0",False,x_now,0.0
100,10000,week,1,"What would you prefer?
Options:
  100$ now
  10000$ in week
  Answer:
","The answer depends on your personal preferences, risk tolerance, and financial goals. Here's a breakdown of the options:

1. **$100 now**: This is a smaller amount but provides immediate access to money. It’s good if you need the money right away or want to avoid waiting.

2. **$10,000 in a week**: This is a much larger amount, but you have to wait a week to receive it. It might be better if you can wait and the money is worth more to you in the long run (e.g., for a big purchase, investment, or emergency fund).

**","The answer depends on your personal preferences, risk tolerance, and financial goals. Here's a breakdown of the options:

1. **$100 now**: This is a smaller amount but provides immediate access to money. It’s good if you need the money right away or want to avoid waiting.

2. **$10,000 in a week**: This is a much larger amount, but you have to wait a week to receive it. It might be better if you can wait and the money is worth more to you in the long run (e.g., for a big purchase, investment, or emergency fund).

**",False,x_now,0.0
100,10000,month,1,"What would you prefer?
Options:
  100$ now
  10000$ in month
  Answer:
","The answer depends on your personal preferences, risk tolerance, and financial goals. Here's a breakdown of the options:

1. **$100 now**: This is a lump sum that you can use immediately. It’s good if you need money right away or want to avoid waiting.

2. **$10,000 in a month**: This gives you a larger amount later, which might be better if you can invest or save the $100 now to grow it over time. However, it requires waiting and may involve opportunity cost.

**Answer:**  
It depends on your priorities. If you need the money","The answer depends on your personal preferences, risk tolerance, and financial goals. Here's a breakdown of the options:

1. **$100 now**: This is a lump sum that you can use immediately. It’s good if you need money right away or want to avoid waiting.

2. **$10,000 in a month**: This gives you a larger amount later, which might be better if you can invest or save the $100 now to grow it over time. However, it requires waiting and may involve opportunity cost.

**Answer:**  
It depends on your priorities. If you need the money",False,x_now,0.0
100,10000,year,1,"What would you prefer?
Options:
  100$ now
  10000$ in year
  Answer:
","The answer depends on your personal preferences, risk tolerance, and financial goals. Here's a breakdown of the options:

1. **$100 now**: This is a smaller amount but available immediately. It might be preferable if you need the money right away or if you value liquidity.

2. **$10,000 in a year**: This is a much larger amount, but it's delayed by a year. It might be preferable if you can invest the $100 now and earn interest, or if you value long-term growth and are willing to wait.

**Answer**:  
It depends on your priorities.","The answer depends on your personal preferences, risk tolerance, and financial goals. Here's a breakdown of the options:

1. **$100 now**: This is a smaller amount but available immediately. It might be preferable if you need the money right away or if you value liquidity.

2. **$10,000 in a year**: This is a much larger amount, but it's delayed by a year. It might be preferable if you can invest the $100 now and earn interest, or if you value long-term growth and are willing to wait.

**Answer**:  
It depends on your priorities.",False,x_now,0.0
100,10000,2 years,1,"What would you prefer?
Options:
  100$ now
  10000$ in 2 years
  Answer:
","The answer depends on your personal preferences, risk tolerance, and financial situation. Here's a breakdown of the options:

- **$100 now**: This is immediate cash, which can be useful for urgent needs or investments that require quick access to funds. It’s also simpler to use right away.

- **$10,000 in 2 years**: This offers a much larger amount in the future, but you’re waiting to receive it. It could be better if you can invest the $100 now and earn interest over the 2 years, potentially leading to more than $10,000","The answer depends on your personal preferences, risk tolerance, and financial situation. Here's a breakdown of the options:

- **$100 now**: This is immediate cash, which can be useful for urgent needs or investments that require quick access to funds. It’s also simpler to use right away.

- **$10,000 in 2 years**: This offers a much larger amount in the future, but you’re waiting to receive it. It could be better if you can invest the $100 now and earn interest over the 2 years, potentially leading to more than $10,000",False,x_now,0.0
100,10000,3 years,1,"What would you prefer?
Options:
  100$ now
  10000$ in 3 years
  Answer:
","The answer depends on your personal preferences, risk tolerance, and time value of money. Here's a breakdown of the options:

- **$100 now**: This is immediate cash, which can be useful for immediate needs or investments that generate returns quickly.  
- **$10,000 in 3 years**: This is a much larger amount in the future, but you’re waiting 3 years to receive it. The value of money tends to decrease over time due to inflation and opportunity cost.

### If you prefer immediate access to money:  
**Answer: $100 now**

### If you prefer a","The answer depends on your personal preferences, risk tolerance, and time value of money. Here's a breakdown of the options:

- **$100 now**: This is immediate cash, which can be useful for immediate needs or investments that generate returns quickly.  
- **$10,000 in 3 years**: This is a much larger amount in the future, but you’re waiting 3 years to receive it. The value of money tends to decrease over time due to inflation and opportunity cost.

### If you prefer immediate access to money:  
**Answer: $100 now**

### If you prefer a",False,x_now,0.0
100,10000,5 years,1,"What would you prefer?
Options:
  100$ now
  10000$ in 5 years
  Answer:
","The answer depends on your personal preferences, risk tolerance, and financial goals. Here's a breakdown of the options:

- **$100 now**: This is immediate cash, which can be useful for urgent needs or investments that require quick access to funds. It has no time value, but it's readily available.

- **$10,000 in 5 years**: This represents a larger amount in the future, but it requires waiting. The value of money tends to increase over time due to inflation and potential interest earnings. However, there is also risk involved, such as the possibility of inflation eroding the purchasing power","The answer depends on your personal preferences, risk tolerance, and financial goals. Here's a breakdown of the options:

- **$100 now**: This is immediate cash, which can be useful for urgent needs or investments that require quick access to funds. It has no time value, but it's readily available.

- **$10,000 in 5 years**: This represents a larger amount in the future, but it requires waiting. The value of money tends to increase over time due to inflation and potential interest earnings. However, there is also risk involved, such as the possibility of inflation eroding the purchasing power",False,x_now,0.0
100,10000,10 years,1,"What would you prefer?
Options:
  100$ now
  10000$ in 10 years
  Answer:
","The answer depends on your personal preferences, risk tolerance, and time preferences. Here's a breakdown of the options:

- **$100 now**: This is immediate cash, which can be useful for immediate needs or investments that can generate returns quickly. It's good if you need money right away or prefer liquidity.

- **$10,000 in 10 years**: This is a larger sum in the future, but it requires waiting. If you can invest the $100 now and earn a good return over 10 years, it might be a better choice. However, if you prefer certainty and","The answer depends on your personal preferences, risk tolerance, and time preferences. Here's a breakdown of the options:

- **$100 now**: This is immediate cash, which can be useful for immediate needs or investments that can generate returns quickly. It's good if you need money right away or prefer liquidity.

- **$10,000 in 10 years**: This is a larger sum in the future, but it requires waiting. If you can invest the $100 now and earn a good return over 10 years, it might be a better choice. However, if you prefer certainty and",False,x_now,0.0
