condition,signed_strength,steering_applied,steering_layer,set_type,dataset_index,benchmark_idx,level,days,org,dest,visiting_city_number,people_number,budget,parse_success,parse_method,parse_error,input_tokens,output_tokens,generation_seconds,prompt_path,response_path,plan_path
baseline,0.0,False,40,validation,0,1,easy,3,Washington,Myrtle Beach,1,1,1400,True,json,,4113,349,23.14358925819397,/workspace/results/qwen3_32b/travelplanner_probe_steered/20260418-112424/prompts/query_0001.txt,/workspace/results/qwen3_32b/travelplanner_probe_steered/20260418-112424/conditions/baseline/responses/response_0001.txt,/workspace/results/qwen3_32b/travelplanner_probe_steered/20260418-112424/conditions/baseline/plans/plan_0001.json
baseline,0.0,False,40,validation,1,2,easy,3,Oakland,Tucson,1,1,1400,True,json,,3365,303,19.557031631469727,/workspace/results/qwen3_32b/travelplanner_probe_steered/20260418-112424/prompts/query_0002.txt,/workspace/results/qwen3_32b/travelplanner_probe_steered/20260418-112424/conditions/baseline/responses/response_0002.txt,/workspace/results/qwen3_32b/travelplanner_probe_steered/20260418-112424/conditions/baseline/plans/plan_0002.json
baseline,0.0,False,40,validation,2,3,easy,3,Buffalo,Atlanta,1,1,1100,True,json,,3852,303,19.75570559501648,/workspace/results/qwen3_32b/travelplanner_probe_steered/20260418-112424/prompts/query_0003.txt,/workspace/results/qwen3_32b/travelplanner_probe_steered/20260418-112424/conditions/baseline/responses/response_0003.txt,/workspace/results/qwen3_32b/travelplanner_probe_steered/20260418-112424/conditions/baseline/plans/plan_0003.json
baseline,0.0,False,40,validation,3,4,easy,3,Ontario,Honolulu,1,1,3200,True,json,,3549,310,20.063607931137085,/workspace/results/qwen3_32b/travelplanner_probe_steered/20260418-112424/prompts/query_0004.txt,/workspace/results/qwen3_32b/travelplanner_probe_steered/20260418-112424/conditions/baseline/responses/response_0004.txt,/workspace/results/qwen3_32b/travelplanner_probe_steered/20260418-112424/conditions/baseline/plans/plan_0004.json
baseline,0.0,False,40,validation,4,5,easy,3,West Palm Beach,Atlanta,1,1,900,True,json,,4762,331,21.809223651885986,/workspace/results/qwen3_32b/travelplanner_probe_steered/20260418-112424/prompts/query_0005.txt,/workspace/results/qwen3_32b/travelplanner_probe_steered/20260418-112424/conditions/baseline/responses/response_0005.txt,/workspace/results/qwen3_32b/travelplanner_probe_steered/20260418-112424/conditions/baseline/plans/plan_0005.json
baseline,0.0,False,40,validation,5,6,easy,3,Detroit,San Diego,1,1,3000,True,json,,3298,340,21.817440509796143,/workspace/results/qwen3_32b/travelplanner_probe_steered/20260418-112424/prompts/query_0006.txt,/workspace/results/qwen3_32b/travelplanner_probe_steered/20260418-112424/conditions/baseline/responses/response_0006.txt,/workspace/results/qwen3_32b/travelplanner_probe_steered/20260418-112424/conditions/baseline/plans/plan_0006.json
baseline,0.0,False,40,validation,6,7,easy,3,Missoula,Dallas,1,1,1900,True,json,,4629,317,20.95465087890625,/workspace/results/qwen3_32b/travelplanner_probe_steered/20260418-112424/prompts/query_0007.txt,/workspace/results/qwen3_32b/travelplanner_probe_steered/20260418-112424/conditions/baseline/responses/response_0007.txt,/workspace/results/qwen3_32b/travelplanner_probe_steered/20260418-112424/conditions/baseline/plans/plan_0007.json
baseline,0.0,False,40,validation,7,8,easy,3,Boston,San Juan,1,1,1400,True,json,,3810,332,21.53859257698059,/workspace/results/qwen3_32b/travelplanner_probe_steered/20260418-112424/prompts/query_0008.txt,/workspace/results/qwen3_32b/travelplanner_probe_steered/20260418-112424/conditions/baseline/responses/response_0008.txt,/workspace/results/qwen3_32b/travelplanner_probe_steered/20260418-112424/conditions/baseline/plans/plan_0008.json
baseline,0.0,False,40,validation,8,9,easy,3,Sarasota,Philadelphia,1,1,2100,True,json,,3444,290,18.659315586090088,/workspace/results/qwen3_32b/travelplanner_probe_steered/20260418-112424/prompts/query_0009.txt,/workspace/results/qwen3_32b/travelplanner_probe_steered/20260418-112424/conditions/baseline/responses/response_0009.txt,/workspace/results/qwen3_32b/travelplanner_probe_steered/20260418-112424/conditions/baseline/plans/plan_0009.json
baseline,0.0,False,40,validation,9,10,easy,3,Minneapolis,St. Louis,1,1,1000,True,json,,4038,339,22.111509084701538,/workspace/results/qwen3_32b/travelplanner_probe_steered/20260418-112424/prompts/query_0010.txt,/workspace/results/qwen3_32b/travelplanner_probe_steered/20260418-112424/conditions/baseline/responses/response_0010.txt,/workspace/results/qwen3_32b/travelplanner_probe_steered/20260418-112424/conditions/baseline/plans/plan_0010.json
baseline,0.0,False,40,validation,10,11,easy,3,Minneapolis,Seattle,1,1,1800,False,,"ValueError: Parsed JSON is dict, expected a list.",4185,313,20.612653970718384,/workspace/results/qwen3_32b/travelplanner_probe_steered/20260418-112424/prompts/query_0011.txt,/workspace/results/qwen3_32b/travelplanner_probe_steered/20260418-112424/conditions/baseline/responses/response_0011.txt,/workspace/results/qwen3_32b/travelplanner_probe_steered/20260418-112424/conditions/baseline/plans/plan_0011.json
baseline,0.0,False,40,validation,11,12,easy,3,St. Petersburg,Appleton,1,1,1200,True,json,,3919,374,24.192431449890137,/workspace/results/qwen3_32b/travelplanner_probe_steered/20260418-112424/prompts/query_0012.txt,/workspace/results/qwen3_32b/travelplanner_probe_steered/20260418-112424/conditions/baseline/responses/response_0012.txt,/workspace/results/qwen3_32b/travelplanner_probe_steered/20260418-112424/conditions/baseline/plans/plan_0012.json
baseline,0.0,False,40,validation,12,13,easy,3,Pittsburgh,Baltimore,1,1,1200,False,,"ValueError: Parsed JSON is dict, expected a list.",3889,333,21.64454960823059,/workspace/results/qwen3_32b/travelplanner_probe_steered/20260418-112424/prompts/query_0013.txt,/workspace/results/qwen3_32b/travelplanner_probe_steered/20260418-112424/conditions/baseline/responses/response_0013.txt,/workspace/results/qwen3_32b/travelplanner_probe_steered/20260418-112424/conditions/baseline/plans/plan_0013.json
baseline,0.0,False,40,validation,13,14,easy,3,Denver,Appleton,1,1,1800,True,json,,4032,353,22.86878204345703,/workspace/results/qwen3_32b/travelplanner_probe_steered/20260418-112424/prompts/query_0014.txt,/workspace/results/qwen3_32b/travelplanner_probe_steered/20260418-112424/conditions/baseline/responses/response_0014.txt,/workspace/results/qwen3_32b/travelplanner_probe_steered/20260418-112424/conditions/baseline/plans/plan_0014.json
baseline,0.0,False,40,validation,14,15,easy,3,St. Louis,Las Vegas,1,1,1300,True,json,,4401,317,20.888526678085327,/workspace/results/qwen3_32b/travelplanner_probe_steered/20260418-112424/prompts/query_0015.txt,/workspace/results/qwen3_32b/travelplanner_probe_steered/20260418-112424/conditions/baseline/responses/response_0015.txt,/workspace/results/qwen3_32b/travelplanner_probe_steered/20260418-112424/conditions/baseline/plans/plan_0015.json
baseline,0.0,False,40,validation,15,16,easy,3,Spokane,San Francisco,1,1,1200,True,json,,3486,322,20.808683395385742,/workspace/results/qwen3_32b/travelplanner_probe_steered/20260418-112424/prompts/query_0016.txt,/workspace/results/qwen3_32b/travelplanner_probe_steered/20260418-112424/conditions/baseline/responses/response_0016.txt,/workspace/results/qwen3_32b/travelplanner_probe_steered/20260418-112424/conditions/baseline/plans/plan_0016.json
baseline,0.0,False,40,validation,16,17,easy,3,St. Louis,Washington,1,1,1500,True,json,,4302,329,21.556981325149536,/workspace/results/qwen3_32b/travelplanner_probe_steered/20260418-112424/prompts/query_0017.txt,/workspace/results/qwen3_32b/travelplanner_probe_steered/20260418-112424/conditions/baseline/responses/response_0017.txt,/workspace/results/qwen3_32b/travelplanner_probe_steered/20260418-112424/conditions/baseline/plans/plan_0017.json
baseline,0.0,False,40,validation,17,18,easy,3,Denver,Palm Springs,1,1,2200,True,json,,4318,354,23.08965539932251,/workspace/results/qwen3_32b/travelplanner_probe_steered/20260418-112424/prompts/query_0018.txt,/workspace/results/qwen3_32b/travelplanner_probe_steered/20260418-112424/conditions/baseline/responses/response_0018.txt,/workspace/results/qwen3_32b/travelplanner_probe_steered/20260418-112424/conditions/baseline/plans/plan_0018.json
baseline,0.0,False,40,validation,18,19,easy,3,Seattle,San Francisco,1,1,900,True,json,,5421,322,21.54280996322632,/workspace/results/qwen3_32b/travelplanner_probe_steered/20260418-112424/prompts/query_0019.txt,/workspace/results/qwen3_32b/travelplanner_probe_steered/20260418-112424/conditions/baseline/responses/response_0019.txt,/workspace/results/qwen3_32b/travelplanner_probe_steered/20260418-112424/conditions/baseline/plans/plan_0019.json
baseline,0.0,False,40,validation,19,20,easy,3,Providence,Orlando,1,1,1800,True,json,,4119,305,20.077282905578613,/workspace/results/qwen3_32b/travelplanner_probe_steered/20260418-112424/prompts/query_0020.txt,/workspace/results/qwen3_32b/travelplanner_probe_steered/20260418-112424/conditions/baseline/responses/response_0020.txt,/workspace/results/qwen3_32b/travelplanner_probe_steered/20260418-112424/conditions/baseline/plans/plan_0020.json
baseline,0.0,False,40,validation,20,21,easy,5,St. Louis,Florida,2,1,2900,True,json,,7407,565,37.20359396934509,/workspace/results/qwen3_32b/travelplanner_probe_steered/20260418-112424/prompts/query_0021.txt,/workspace/results/qwen3_32b/travelplanner_probe_steered/20260418-112424/conditions/baseline/responses/response_0021.txt,/workspace/results/qwen3_32b/travelplanner_probe_steered/20260418-112424/conditions/baseline/plans/plan_0021.json
baseline,0.0,False,40,validation,21,22,easy,5,Colorado Springs,Illinois,2,1,1900,True,json,,6596,610,39.68291401863098,/workspace/results/qwen3_32b/travelplanner_probe_steered/20260418-112424/prompts/query_0022.txt,/workspace/results/qwen3_32b/travelplanner_probe_steered/20260418-112424/conditions/baseline/responses/response_0022.txt,/workspace/results/qwen3_32b/travelplanner_probe_steered/20260418-112424/conditions/baseline/plans/plan_0022.json
baseline,0.0,False,40,validation,22,23,easy,5,Little Rock,Texas,2,1,3900,True,json,,9809,507,35.547980070114136,/workspace/results/qwen3_32b/travelplanner_probe_steered/20260418-112424/prompts/query_0023.txt,/workspace/results/qwen3_32b/travelplanner_probe_steered/20260418-112424/conditions/baseline/responses/response_0023.txt,/workspace/results/qwen3_32b/travelplanner_probe_steered/20260418-112424/conditions/baseline/plans/plan_0023.json
baseline,0.0,False,40,validation,23,24,easy,5,Latrobe,South Carolina,2,1,4200,True,json,,6693,463,30.639246225357056,/workspace/results/qwen3_32b/travelplanner_probe_steered/20260418-112424/prompts/query_0024.txt,/workspace/results/qwen3_32b/travelplanner_probe_steered/20260418-112424/conditions/baseline/responses/response_0024.txt,/workspace/results/qwen3_32b/travelplanner_probe_steered/20260418-112424/conditions/baseline/plans/plan_0024.json
baseline,0.0,False,40,validation,24,25,easy,5,Jacksonville,Michigan,2,1,4600,True,json,,6567,519,34.0473895072937,/workspace/results/qwen3_32b/travelplanner_probe_steered/20260418-112424/prompts/query_0025.txt,/workspace/results/qwen3_32b/travelplanner_probe_steered/20260418-112424/conditions/baseline/responses/response_0025.txt,/workspace/results/qwen3_32b/travelplanner_probe_steered/20260418-112424/conditions/baseline/plans/plan_0025.json
baseline,0.0,False,40,validation,25,26,easy,5,Orlando,Illinois,2,1,2700,True,json,,7681,593,39.17662811279297,/workspace/results/qwen3_32b/travelplanner_probe_steered/20260418-112424/prompts/query_0026.txt,/workspace/results/qwen3_32b/travelplanner_probe_steered/20260418-112424/conditions/baseline/responses/response_0026.txt,/workspace/results/qwen3_32b/travelplanner_probe_steered/20260418-112424/conditions/baseline/plans/plan_0026.json
baseline,0.0,False,40,validation,26,27,easy,5,Billings,Minnesota,2,1,4000,True,json,,6831,557,36.33291411399841,/workspace/results/qwen3_32b/travelplanner_probe_steered/20260418-112424/prompts/query_0027.txt,/workspace/results/qwen3_32b/travelplanner_probe_steered/20260418-112424/conditions/baseline/responses/response_0027.txt,/workspace/results/qwen3_32b/travelplanner_probe_steered/20260418-112424/conditions/baseline/plans/plan_0027.json
baseline,0.0,False,40,validation,27,28,easy,5,Washington,Virginia,2,1,2200,True,json,,6689,483,31.77488923072815,/workspace/results/qwen3_32b/travelplanner_probe_steered/20260418-112424/prompts/query_0028.txt,/workspace/results/qwen3_32b/travelplanner_probe_steered/20260418-112424/conditions/baseline/responses/response_0028.txt,/workspace/results/qwen3_32b/travelplanner_probe_steered/20260418-112424/conditions/baseline/plans/plan_0028.json
baseline,0.0,False,40,validation,28,29,easy,5,Richmond,Tennessee,2,1,2600,True,json,,6023,593,38.21233582496643,/workspace/results/qwen3_32b/travelplanner_probe_steered/20260418-112424/prompts/query_0029.txt,/workspace/results/qwen3_32b/travelplanner_probe_steered/20260418-112424/conditions/baseline/responses/response_0029.txt,/workspace/results/qwen3_32b/travelplanner_probe_steered/20260418-112424/conditions/baseline/plans/plan_0029.json
baseline,0.0,False,40,validation,29,30,easy,5,Key West,Indiana,2,1,2000,True,json,,6363,588,38.10615015029907,/workspace/results/qwen3_32b/travelplanner_probe_steered/20260418-112424/prompts/query_0030.txt,/workspace/results/qwen3_32b/travelplanner_probe_steered/20260418-112424/conditions/baseline/responses/response_0030.txt,/workspace/results/qwen3_32b/travelplanner_probe_steered/20260418-112424/conditions/baseline/plans/plan_0030.json
baseline,0.0,False,40,validation,30,31,easy,5,Cedar Rapids,Colorado,2,1,4300,True,json,,5909,532,34.500502824783325,/workspace/results/qwen3_32b/travelplanner_probe_steered/20260418-112424/prompts/query_0031.txt,/workspace/results/qwen3_32b/travelplanner_probe_steered/20260418-112424/conditions/baseline/responses/response_0031.txt,/workspace/results/qwen3_32b/travelplanner_probe_steered/20260418-112424/conditions/baseline/plans/plan_0031.json
baseline,0.0,False,40,validation,31,32,easy,5,Omaha,Washington,2,1,5000,True,json,,7266,536,35.43147015571594,/workspace/results/qwen3_32b/travelplanner_probe_steered/20260418-112424/prompts/query_0032.txt,/workspace/results/qwen3_32b/travelplanner_probe_steered/20260418-112424/conditions/baseline/responses/response_0032.txt,/workspace/results/qwen3_32b/travelplanner_probe_steered/20260418-112424/conditions/baseline/plans/plan_0032.json
baseline,0.0,False,40,validation,32,33,easy,5,Denver,Washington,2,1,4200,True,json,,7555,518,34.506261348724365,/workspace/results/qwen3_32b/travelplanner_probe_steered/20260418-112424/prompts/query_0033.txt,/workspace/results/qwen3_32b/travelplanner_probe_steered/20260418-112424/conditions/baseline/responses/response_0033.txt,/workspace/results/qwen3_32b/travelplanner_probe_steered/20260418-112424/conditions/baseline/plans/plan_0033.json
baseline,0.0,False,40,validation,33,34,easy,5,Charlotte,New Jersey,2,1,4200,True,json,,7030,514,33.84558820724487,/workspace/results/qwen3_32b/travelplanner_probe_steered/20260418-112424/prompts/query_0034.txt,/workspace/results/qwen3_32b/travelplanner_probe_steered/20260418-112424/conditions/baseline/responses/response_0034.txt,/workspace/results/qwen3_32b/travelplanner_probe_steered/20260418-112424/conditions/baseline/plans/plan_0034.json
baseline,0.0,False,40,validation,34,35,easy,5,Gainesville,North Carolina,2,1,2900,True,json,,6490,597,38.62165093421936,/workspace/results/qwen3_32b/travelplanner_probe_steered/20260418-112424/prompts/query_0035.txt,/workspace/results/qwen3_32b/travelplanner_probe_steered/20260418-112424/conditions/baseline/responses/response_0035.txt,/workspace/results/qwen3_32b/travelplanner_probe_steered/20260418-112424/conditions/baseline/plans/plan_0035.json
baseline,0.0,False,40,validation,35,36,easy,5,Los Angeles,Colorado,2,1,4700,True,json,,6547,542,35.32580351829529,/workspace/results/qwen3_32b/travelplanner_probe_steered/20260418-112424/prompts/query_0036.txt,/workspace/results/qwen3_32b/travelplanner_probe_steered/20260418-112424/conditions/baseline/responses/response_0036.txt,/workspace/results/qwen3_32b/travelplanner_probe_steered/20260418-112424/conditions/baseline/plans/plan_0036.json
baseline,0.0,False,40,validation,36,37,easy,5,Albuquerque,Texas,2,1,2100,True,json,,10557,889,60.268759965896606,/workspace/results/qwen3_32b/travelplanner_probe_steered/20260418-112424/prompts/query_0037.txt,/workspace/results/qwen3_32b/travelplanner_probe_steered/20260418-112424/conditions/baseline/responses/response_0037.txt,/workspace/results/qwen3_32b/travelplanner_probe_steered/20260418-112424/conditions/baseline/plans/plan_0037.json
baseline,0.0,False,40,validation,37,38,easy,5,Birmingham,Florida,2,1,3500,True,json,,6951,501,33.08042073249817,/workspace/results/qwen3_32b/travelplanner_probe_steered/20260418-112424/prompts/query_0038.txt,/workspace/results/qwen3_32b/travelplanner_probe_steered/20260418-112424/conditions/baseline/responses/response_0038.txt,/workspace/results/qwen3_32b/travelplanner_probe_steered/20260418-112424/conditions/baseline/plans/plan_0038.json
baseline,0.0,False,40,validation,38,39,easy,5,Killeen,Texas,2,1,3500,True,json,,8894,560,38.044455766677856,/workspace/results/qwen3_32b/travelplanner_probe_steered/20260418-112424/prompts/query_0039.txt,/workspace/results/qwen3_32b/travelplanner_probe_steered/20260418-112424/conditions/baseline/responses/response_0039.txt,/workspace/results/qwen3_32b/travelplanner_probe_steered/20260418-112424/conditions/baseline/plans/plan_0039.json
baseline,0.0,False,40,validation,39,40,easy,5,Sun Valley,California,2,1,2600,True,json,,6520,596,38.69479751586914,/workspace/results/qwen3_32b/travelplanner_probe_steered/20260418-112424/prompts/query_0040.txt,/workspace/results/qwen3_32b/travelplanner_probe_steered/20260418-112424/conditions/baseline/responses/response_0040.txt,/workspace/results/qwen3_32b/travelplanner_probe_steered/20260418-112424/conditions/baseline/plans/plan_0040.json
baseline,0.0,False,40,validation,40,41,easy,7,Philadelphia,Virginia,3,1,1800,True,json,,10168,741,50.49602818489075,/workspace/results/qwen3_32b/travelplanner_probe_steered/20260418-112424/prompts/query_0041.txt,/workspace/results/qwen3_32b/travelplanner_probe_steered/20260418-112424/conditions/baseline/responses/response_0041.txt,/workspace/results/qwen3_32b/travelplanner_probe_steered/20260418-112424/conditions/baseline/plans/plan_0041.json
baseline,0.0,False,40,validation,41,42,easy,7,Bakersfield,Texas,3,1,6100,True,json,,11254,800,55.27794671058655,/workspace/results/qwen3_32b/travelplanner_probe_steered/20260418-112424/prompts/query_0042.txt,/workspace/results/qwen3_32b/travelplanner_probe_steered/20260418-112424/conditions/baseline/responses/response_0042.txt,/workspace/results/qwen3_32b/travelplanner_probe_steered/20260418-112424/conditions/baseline/plans/plan_0042.json
baseline,0.0,False,40,validation,42,43,easy,7,Kona,California,3,1,5800,True,json,,9647,683,46.411863803863525,/workspace/results/qwen3_32b/travelplanner_probe_steered/20260418-112424/prompts/query_0043.txt,/workspace/results/qwen3_32b/travelplanner_probe_steered/20260418-112424/conditions/baseline/responses/response_0043.txt,/workspace/results/qwen3_32b/travelplanner_probe_steered/20260418-112424/conditions/baseline/plans/plan_0043.json
baseline,0.0,False,40,validation,43,44,easy,7,Medford,Colorado,3,1,2400,True,json,,7956,782,50.974695682525635,/workspace/results/qwen3_32b/travelplanner_probe_steered/20260418-112424/prompts/query_0044.txt,/workspace/results/qwen3_32b/travelplanner_probe_steered/20260418-112424/conditions/baseline/responses/response_0044.txt,/workspace/results/qwen3_32b/travelplanner_probe_steered/20260418-112424/conditions/baseline/plans/plan_0044.json
baseline,0.0,False,40,validation,44,45,easy,7,Devils Lake,Colorado,3,1,3500,True,json,,7704,884,57.06921339035034,/workspace/results/qwen3_32b/travelplanner_probe_steered/20260418-112424/prompts/query_0045.txt,/workspace/results/qwen3_32b/travelplanner_probe_steered/20260418-112424/conditions/baseline/responses/response_0045.txt,/workspace/results/qwen3_32b/travelplanner_probe_steered/20260418-112424/conditions/baseline/plans/plan_0045.json
baseline,0.0,False,40,validation,45,46,easy,7,Charlotte,Pennsylvania,3,1,5100,True,json,,9471,736,49.555811405181885,/workspace/results/qwen3_32b/travelplanner_probe_steered/20260418-112424/prompts/query_0046.txt,/workspace/results/qwen3_32b/travelplanner_probe_steered/20260418-112424/conditions/baseline/responses/response_0046.txt,/workspace/results/qwen3_32b/travelplanner_probe_steered/20260418-112424/conditions/baseline/plans/plan_0046.json
baseline,0.0,False,40,validation,46,47,easy,7,Palm Springs,Texas,3,1,8100,True,json,,12548,1036,71.92875266075134,/workspace/results/qwen3_32b/travelplanner_probe_steered/20260418-112424/prompts/query_0047.txt,/workspace/results/qwen3_32b/travelplanner_probe_steered/20260418-112424/conditions/baseline/responses/response_0047.txt,/workspace/results/qwen3_32b/travelplanner_probe_steered/20260418-112424/conditions/baseline/plans/plan_0047.json
baseline,0.0,False,40,validation,47,48,easy,7,Philadelphia,Virginia,3,1,2900,True,json,,9962,697,47.52997970581055,/workspace/results/qwen3_32b/travelplanner_probe_steered/20260418-112424/prompts/query_0048.txt,/workspace/results/qwen3_32b/travelplanner_probe_steered/20260418-112424/conditions/baseline/responses/response_0048.txt,/workspace/results/qwen3_32b/travelplanner_probe_steered/20260418-112424/conditions/baseline/plans/plan_0048.json
baseline,0.0,False,40,validation,48,49,easy,7,Dallas,Nebraska,3,1,5600,True,json,,9192,727,48.765450954437256,/workspace/results/qwen3_32b/travelplanner_probe_steered/20260418-112424/prompts/query_0049.txt,/workspace/results/qwen3_32b/travelplanner_probe_steered/20260418-112424/conditions/baseline/responses/response_0049.txt,/workspace/results/qwen3_32b/travelplanner_probe_steered/20260418-112424/conditions/baseline/plans/plan_0049.json
baseline,0.0,False,40,validation,49,50,easy,7,Columbus,Texas,3,1,4200,True,json,,11496,786,54.611499547958374,/workspace/results/qwen3_32b/travelplanner_probe_steered/20260418-112424/prompts/query_0050.txt,/workspace/results/qwen3_32b/travelplanner_probe_steered/20260418-112424/conditions/baseline/responses/response_0050.txt,/workspace/results/qwen3_32b/travelplanner_probe_steered/20260418-112424/conditions/baseline/plans/plan_0050.json
baseline,0.0,False,40,validation,50,51,easy,7,Indianapolis,North Carolina,3,1,6500,True,json,,9662,803,53.9648962020874,/workspace/results/qwen3_32b/travelplanner_probe_steered/20260418-112424/prompts/query_0051.txt,/workspace/results/qwen3_32b/travelplanner_probe_steered/20260418-112424/conditions/baseline/responses/response_0051.txt,/workspace/results/qwen3_32b/travelplanner_probe_steered/20260418-112424/conditions/baseline/plans/plan_0051.json
baseline,0.0,False,40,validation,51,52,easy,7,Wichita,Colorado,3,1,5900,True,json,,8592,897,58.77242684364319,/workspace/results/qwen3_32b/travelplanner_probe_steered/20260418-112424/prompts/query_0052.txt,/workspace/results/qwen3_32b/travelplanner_probe_steered/20260418-112424/conditions/baseline/responses/response_0052.txt,/workspace/results/qwen3_32b/travelplanner_probe_steered/20260418-112424/conditions/baseline/plans/plan_0052.json
baseline,0.0,False,40,validation,52,53,easy,7,Augusta,Texas,3,1,4100,True,json,,9255,806,53.79473924636841,/workspace/results/qwen3_32b/travelplanner_probe_steered/20260418-112424/prompts/query_0053.txt,/workspace/results/qwen3_32b/travelplanner_probe_steered/20260418-112424/conditions/baseline/responses/response_0053.txt,/workspace/results/qwen3_32b/travelplanner_probe_steered/20260418-112424/conditions/baseline/plans/plan_0053.json
baseline,0.0,False,40,validation,53,54,easy,7,Savannah,Texas,3,1,3200,True,json,,10226,752,51.23751926422119,/workspace/results/qwen3_32b/travelplanner_probe_steered/20260418-112424/prompts/query_0054.txt,/workspace/results/qwen3_32b/travelplanner_probe_steered/20260418-112424/conditions/baseline/responses/response_0054.txt,/workspace/results/qwen3_32b/travelplanner_probe_steered/20260418-112424/conditions/baseline/plans/plan_0054.json
baseline,0.0,False,40,validation,54,55,easy,7,Washington,Minnesota,3,1,7200,True,json,,10078,803,54.35150980949402,/workspace/results/qwen3_32b/travelplanner_probe_steered/20260418-112424/prompts/query_0055.txt,/workspace/results/qwen3_32b/travelplanner_probe_steered/20260418-112424/conditions/baseline/responses/response_0055.txt,/workspace/results/qwen3_32b/travelplanner_probe_steered/20260418-112424/conditions/baseline/plans/plan_0055.json
baseline,0.0,False,40,validation,55,56,easy,7,Los Angeles,Florida,3,1,4700,True,json,,11319,719,50.21625518798828,/workspace/results/qwen3_32b/travelplanner_probe_steered/20260418-112424/prompts/query_0056.txt,/workspace/results/qwen3_32b/travelplanner_probe_steered/20260418-112424/conditions/baseline/responses/response_0056.txt,/workspace/results/qwen3_32b/travelplanner_probe_steered/20260418-112424/conditions/baseline/plans/plan_0056.json
baseline,0.0,False,40,validation,56,57,easy,7,Kona,California,3,1,2500,True,json,,9438,785,52.6277015209198,/workspace/results/qwen3_32b/travelplanner_probe_steered/20260418-112424/prompts/query_0057.txt,/workspace/results/qwen3_32b/travelplanner_probe_steered/20260418-112424/conditions/baseline/responses/response_0057.txt,/workspace/results/qwen3_32b/travelplanner_probe_steered/20260418-112424/conditions/baseline/plans/plan_0057.json
baseline,0.0,False,40,validation,57,58,easy,7,Louisville,Florida,3,1,7800,True,json,,9746,755,51.0797975063324,/workspace/results/qwen3_32b/travelplanner_probe_steered/20260418-112424/prompts/query_0058.txt,/workspace/results/qwen3_32b/travelplanner_probe_steered/20260418-112424/conditions/baseline/responses/response_0058.txt,/workspace/results/qwen3_32b/travelplanner_probe_steered/20260418-112424/conditions/baseline/plans/plan_0058.json
baseline,0.0,False,40,validation,58,59,easy,7,Jacksonville,Massachusetts,3,1,6600,True,json,,10018,937,62.722198486328125,/workspace/results/qwen3_32b/travelplanner_probe_steered/20260418-112424/prompts/query_0059.txt,/workspace/results/qwen3_32b/travelplanner_probe_steered/20260418-112424/conditions/baseline/responses/response_0059.txt,/workspace/results/qwen3_32b/travelplanner_probe_steered/20260418-112424/conditions/baseline/plans/plan_0059.json
baseline,0.0,False,40,validation,59,60,easy,7,Billings,Texas,3,1,8500,True,json,,9810,780,52.689443826675415,/workspace/results/qwen3_32b/travelplanner_probe_steered/20260418-112424/prompts/query_0060.txt,/workspace/results/qwen3_32b/travelplanner_probe_steered/20260418-112424/conditions/baseline/responses/response_0060.txt,/workspace/results/qwen3_32b/travelplanner_probe_steered/20260418-112424/conditions/baseline/plans/plan_0060.json
baseline,0.0,False,40,validation,60,61,medium,3,New York,Reno,1,4,11300,True,json,,3375,342,21.9031503200531,/workspace/results/qwen3_32b/travelplanner_probe_steered/20260418-112424/prompts/query_0061.txt,/workspace/results/qwen3_32b/travelplanner_probe_steered/20260418-112424/conditions/baseline/responses/response_0061.txt,/workspace/results/qwen3_32b/travelplanner_probe_steered/20260418-112424/conditions/baseline/plans/plan_0061.json
baseline,0.0,False,40,validation,61,62,medium,3,Milwaukee,New York,1,2,1900,True,json,,3426,337,21.684632778167725,/workspace/results/qwen3_32b/travelplanner_probe_steered/20260418-112424/prompts/query_0062.txt,/workspace/results/qwen3_32b/travelplanner_probe_steered/20260418-112424/conditions/baseline/responses/response_0062.txt,/workspace/results/qwen3_32b/travelplanner_probe_steered/20260418-112424/conditions/baseline/plans/plan_0062.json
baseline,0.0,False,40,validation,62,63,medium,3,Salt Lake City,Twin Falls,1,2,1600,True,json,,3591,338,21.833070278167725,/workspace/results/qwen3_32b/travelplanner_probe_steered/20260418-112424/prompts/query_0063.txt,/workspace/results/qwen3_32b/travelplanner_probe_steered/20260418-112424/conditions/baseline/responses/response_0063.txt,/workspace/results/qwen3_32b/travelplanner_probe_steered/20260418-112424/conditions/baseline/plans/plan_0063.json
baseline,0.0,False,40,validation,63,64,medium,3,Salt Lake City,Burbank,1,7,7600,True,json,,4051,341,22.220670223236084,/workspace/results/qwen3_32b/travelplanner_probe_steered/20260418-112424/prompts/query_0064.txt,/workspace/results/qwen3_32b/travelplanner_probe_steered/20260418-112424/conditions/baseline/responses/response_0064.txt,/workspace/results/qwen3_32b/travelplanner_probe_steered/20260418-112424/conditions/baseline/plans/plan_0064.json
baseline,0.0,False,40,validation,64,65,medium,3,Denver,Bozeman,1,8,7000,False,,"ValueError: Parsed JSON is dict, expected a list.",4494,363,23.76527500152588,/workspace/results/qwen3_32b/travelplanner_probe_steered/20260418-112424/prompts/query_0065.txt,/workspace/results/qwen3_32b/travelplanner_probe_steered/20260418-112424/conditions/baseline/responses/response_0065.txt,/workspace/results/qwen3_32b/travelplanner_probe_steered/20260418-112424/conditions/baseline/plans/plan_0065.json
baseline,0.0,False,40,validation,65,66,medium,3,Manchester,Charlotte,1,5,4800,True,json,,3589,360,23.207016468048096,/workspace/results/qwen3_32b/travelplanner_probe_steered/20260418-112424/prompts/query_0066.txt,/workspace/results/qwen3_32b/travelplanner_probe_steered/20260418-112424/conditions/baseline/responses/response_0066.txt,/workspace/results/qwen3_32b/travelplanner_probe_steered/20260418-112424/conditions/baseline/plans/plan_0066.json
baseline,0.0,False,40,validation,66,67,medium,3,Baton Rouge,Dallas,1,4,5500,True,json,,5243,327,21.820487022399902,/workspace/results/qwen3_32b/travelplanner_probe_steered/20260418-112424/prompts/query_0067.txt,/workspace/results/qwen3_32b/travelplanner_probe_steered/20260418-112424/conditions/baseline/responses/response_0067.txt,/workspace/results/qwen3_32b/travelplanner_probe_steered/20260418-112424/conditions/baseline/plans/plan_0067.json
baseline,0.0,False,40,validation,67,68,medium,3,Las Vegas,Santa Maria,1,4,3700,True,json,,3166,325,20.854041576385498,/workspace/results/qwen3_32b/travelplanner_probe_steered/20260418-112424/prompts/query_0068.txt,/workspace/results/qwen3_32b/travelplanner_probe_steered/20260418-112424/conditions/baseline/responses/response_0068.txt,/workspace/results/qwen3_32b/travelplanner_probe_steered/20260418-112424/conditions/baseline/plans/plan_0068.json
baseline,0.0,False,40,validation,68,69,medium,3,Panama City,Nashville,1,2,2900,True,json,,3376,331,21.31956672668457,/workspace/results/qwen3_32b/travelplanner_probe_steered/20260418-112424/prompts/query_0069.txt,/workspace/results/qwen3_32b/travelplanner_probe_steered/20260418-112424/conditions/baseline/responses/response_0069.txt,/workspace/results/qwen3_32b/travelplanner_probe_steered/20260418-112424/conditions/baseline/plans/plan_0069.json
baseline,0.0,False,40,validation,69,70,medium,3,Valparaiso,Belleville,1,8,6600,True,json,,3687,382,24.527436017990112,/workspace/results/qwen3_32b/travelplanner_probe_steered/20260418-112424/prompts/query_0070.txt,/workspace/results/qwen3_32b/travelplanner_probe_steered/20260418-112424/conditions/baseline/responses/response_0070.txt,/workspace/results/qwen3_32b/travelplanner_probe_steered/20260418-112424/conditions/baseline/plans/plan_0070.json
baseline,0.0,False,40,validation,70,71,medium,3,Akron,Tampa,1,2,2500,True,json,,3577,296,19.260310173034668,/workspace/results/qwen3_32b/travelplanner_probe_steered/20260418-112424/prompts/query_0071.txt,/workspace/results/qwen3_32b/travelplanner_probe_steered/20260418-112424/conditions/baseline/responses/response_0071.txt,/workspace/results/qwen3_32b/travelplanner_probe_steered/20260418-112424/conditions/baseline/plans/plan_0071.json
baseline,0.0,False,40,validation,71,72,medium,3,Houston,Wichita,1,3,2700,True,json,,4195,328,21.499103307724,/workspace/results/qwen3_32b/travelplanner_probe_steered/20260418-112424/prompts/query_0072.txt,/workspace/results/qwen3_32b/travelplanner_probe_steered/20260418-112424/conditions/baseline/responses/response_0072.txt,/workspace/results/qwen3_32b/travelplanner_probe_steered/20260418-112424/conditions/baseline/plans/plan_0072.json
baseline,0.0,False,40,validation,72,73,medium,3,Dallas,Huntsville,1,4,2700,True,json,,3746,339,21.971851110458374,/workspace/results/qwen3_32b/travelplanner_probe_steered/20260418-112424/prompts/query_0073.txt,/workspace/results/qwen3_32b/travelplanner_probe_steered/20260418-112424/conditions/baseline/responses/response_0073.txt,/workspace/results/qwen3_32b/travelplanner_probe_steered/20260418-112424/conditions/baseline/plans/plan_0073.json
baseline,0.0,False,40,validation,73,74,medium,3,Charlotte,Hilton Head,1,5,7000,True,json,,3833,324,21.081319332122803,/workspace/results/qwen3_32b/travelplanner_probe_steered/20260418-112424/prompts/query_0074.txt,/workspace/results/qwen3_32b/travelplanner_probe_steered/20260418-112424/conditions/baseline/responses/response_0074.txt,/workspace/results/qwen3_32b/travelplanner_probe_steered/20260418-112424/conditions/baseline/plans/plan_0074.json
baseline,0.0,False,40,validation,74,75,medium,3,Jacksonville,Washington,1,2,1000,True,json,,4008,359,23.301286697387695,/workspace/results/qwen3_32b/travelplanner_probe_steered/20260418-112424/prompts/query_0075.txt,/workspace/results/qwen3_32b/travelplanner_probe_steered/20260418-112424/conditions/baseline/responses/response_0075.txt,/workspace/results/qwen3_32b/travelplanner_probe_steered/20260418-112424/conditions/baseline/plans/plan_0075.json
baseline,0.0,False,40,validation,75,76,medium,3,Appleton,Charlotte,1,7,9500,True,json,,3560,314,20.41568088531494,/workspace/results/qwen3_32b/travelplanner_probe_steered/20260418-112424/prompts/query_0076.txt,/workspace/results/qwen3_32b/travelplanner_probe_steered/20260418-112424/conditions/baseline/responses/response_0076.txt,/workspace/results/qwen3_32b/travelplanner_probe_steered/20260418-112424/conditions/baseline/plans/plan_0076.json
baseline,0.0,False,40,validation,76,77,medium,3,Cleveland,Baltimore,1,2,1700,True,json,,4018,308,20.14175796508789,/workspace/results/qwen3_32b/travelplanner_probe_steered/20260418-112424/prompts/query_0077.txt,/workspace/results/qwen3_32b/travelplanner_probe_steered/20260418-112424/conditions/baseline/responses/response_0077.txt,/workspace/results/qwen3_32b/travelplanner_probe_steered/20260418-112424/conditions/baseline/plans/plan_0077.json
baseline,0.0,False,40,validation,77,78,medium,3,Chicago,Albuquerque,1,3,1600,True,json,,3951,340,22.040278434753418,/workspace/results/qwen3_32b/travelplanner_probe_steered/20260418-112424/prompts/query_0078.txt,/workspace/results/qwen3_32b/travelplanner_probe_steered/20260418-112424/conditions/baseline/responses/response_0078.txt,/workspace/results/qwen3_32b/travelplanner_probe_steered/20260418-112424/conditions/baseline/plans/plan_0078.json
baseline,0.0,False,40,validation,78,79,medium,3,Eugene,Los Angeles,1,2,1700,True,json,,3654,328,21.169564485549927,/workspace/results/qwen3_32b/travelplanner_probe_steered/20260418-112424/prompts/query_0079.txt,/workspace/results/qwen3_32b/travelplanner_probe_steered/20260418-112424/conditions/baseline/responses/response_0079.txt,/workspace/results/qwen3_32b/travelplanner_probe_steered/20260418-112424/conditions/baseline/plans/plan_0079.json
baseline,0.0,False,40,validation,79,80,medium,3,Atlanta,Chicago,1,2,1900,True,json,,5774,302,20.50218892097473,/workspace/results/qwen3_32b/travelplanner_probe_steered/20260418-112424/prompts/query_0080.txt,/workspace/results/qwen3_32b/travelplanner_probe_steered/20260418-112424/conditions/baseline/responses/response_0080.txt,/workspace/results/qwen3_32b/travelplanner_probe_steered/20260418-112424/conditions/baseline/plans/plan_0080.json
baseline,0.0,False,40,validation,80,81,medium,5,Knoxville,Florida,2,2,3900,True,json,,7024,505,33.37359046936035,/workspace/results/qwen3_32b/travelplanner_probe_steered/20260418-112424/prompts/query_0081.txt,/workspace/results/qwen3_32b/travelplanner_probe_steered/20260418-112424/conditions/baseline/responses/response_0081.txt,/workspace/results/qwen3_32b/travelplanner_probe_steered/20260418-112424/conditions/baseline/plans/plan_0081.json
baseline,0.0,False,40,validation,81,82,medium,5,Miami,Texas,2,3,8500,True,json,,10876,567,40.14053964614868,/workspace/results/qwen3_32b/travelplanner_probe_steered/20260418-112424/prompts/query_0082.txt,/workspace/results/qwen3_32b/travelplanner_probe_steered/20260418-112424/conditions/baseline/responses/response_0082.txt,/workspace/results/qwen3_32b/travelplanner_probe_steered/20260418-112424/conditions/baseline/plans/plan_0082.json
baseline,0.0,False,40,validation,82,83,medium,5,Denver,New York,2,2,6300,True,json,,7533,521,34.66376304626465,/workspace/results/qwen3_32b/travelplanner_probe_steered/20260418-112424/prompts/query_0083.txt,/workspace/results/qwen3_32b/travelplanner_probe_steered/20260418-112424/conditions/baseline/responses/response_0083.txt,/workspace/results/qwen3_32b/travelplanner_probe_steered/20260418-112424/conditions/baseline/plans/plan_0083.json
baseline,0.0,False,40,validation,83,84,medium,5,Greer,New York,2,2,3400,True,json,,6346,576,37.36980748176575,/workspace/results/qwen3_32b/travelplanner_probe_steered/20260418-112424/prompts/query_0084.txt,/workspace/results/qwen3_32b/travelplanner_probe_steered/20260418-112424/conditions/baseline/responses/response_0084.txt,/workspace/results/qwen3_32b/travelplanner_probe_steered/20260418-112424/conditions/baseline/plans/plan_0084.json
baseline,0.0,False,40,validation,84,85,medium,5,Salt Lake City,Texas,2,8,12000,True,json,,6434,592,38.331259965896606,/workspace/results/qwen3_32b/travelplanner_probe_steered/20260418-112424/prompts/query_0085.txt,/workspace/results/qwen3_32b/travelplanner_probe_steered/20260418-112424/conditions/baseline/responses/response_0085.txt,/workspace/results/qwen3_32b/travelplanner_probe_steered/20260418-112424/conditions/baseline/plans/plan_0085.json
baseline,0.0,False,40,validation,85,86,medium,5,Newark,Wisconsin,2,2,2700,True,json,,6440,499,32.701395750045776,/workspace/results/qwen3_32b/travelplanner_probe_steered/20260418-112424/prompts/query_0086.txt,/workspace/results/qwen3_32b/travelplanner_probe_steered/20260418-112424/conditions/baseline/responses/response_0086.txt,/workspace/results/qwen3_32b/travelplanner_probe_steered/20260418-112424/conditions/baseline/plans/plan_0086.json
baseline,0.0,False,40,validation,86,87,medium,5,Omaha,Colorado,2,7,23400,True,json,,7273,603,39.5041766166687,/workspace/results/qwen3_32b/travelplanner_probe_steered/20260418-112424/prompts/query_0087.txt,/workspace/results/qwen3_32b/travelplanner_probe_steered/20260418-112424/conditions/baseline/responses/response_0087.txt,/workspace/results/qwen3_32b/travelplanner_probe_steered/20260418-112424/conditions/baseline/plans/plan_0087.json
baseline,0.0,False,40,validation,87,88,medium,5,Syracuse,Georgia,2,2,2000,True,json,,6710,581,37.78370428085327,/workspace/results/qwen3_32b/travelplanner_probe_steered/20260418-112424/prompts/query_0088.txt,/workspace/results/qwen3_32b/travelplanner_probe_steered/20260418-112424/conditions/baseline/responses/response_0088.txt,/workspace/results/qwen3_32b/travelplanner_probe_steered/20260418-112424/conditions/baseline/plans/plan_0088.json
baseline,0.0,False,40,validation,88,89,medium,5,Pittsburgh,Texas,2,7,16100,True,json,,9834,536,37.419782876968384,/workspace/results/qwen3_32b/travelplanner_probe_steered/20260418-112424/prompts/query_0089.txt,/workspace/results/qwen3_32b/travelplanner_probe_steered/20260418-112424/conditions/baseline/responses/response_0089.txt,/workspace/results/qwen3_32b/travelplanner_probe_steered/20260418-112424/conditions/baseline/plans/plan_0089.json
baseline,0.0,False,40,validation,89,90,medium,5,Austin,Michigan,2,3,5900,True,json,,6466,539,35.07860207557678,/workspace/results/qwen3_32b/travelplanner_probe_steered/20260418-112424/prompts/query_0090.txt,/workspace/results/qwen3_32b/travelplanner_probe_steered/20260418-112424/conditions/baseline/responses/response_0090.txt,/workspace/results/qwen3_32b/travelplanner_probe_steered/20260418-112424/conditions/baseline/plans/plan_0090.json
baseline,0.0,False,40,validation,90,91,medium,5,Omaha,Michigan,2,3,7500,True,json,,6411,656,42.176482915878296,/workspace/results/qwen3_32b/travelplanner_probe_steered/20260418-112424/prompts/query_0091.txt,/workspace/results/qwen3_32b/travelplanner_probe_steered/20260418-112424/conditions/baseline/responses/response_0091.txt,/workspace/results/qwen3_32b/travelplanner_probe_steered/20260418-112424/conditions/baseline/plans/plan_0091.json
baseline,0.0,False,40,validation,91,92,medium,5,New Orleans,Florida,2,3,4200,True,json,,7325,533,35.28137564659119,/workspace/results/qwen3_32b/travelplanner_probe_steered/20260418-112424/prompts/query_0092.txt,/workspace/results/qwen3_32b/travelplanner_probe_steered/20260418-112424/conditions/baseline/responses/response_0092.txt,/workspace/results/qwen3_32b/travelplanner_probe_steered/20260418-112424/conditions/baseline/plans/plan_0092.json
baseline,0.0,False,40,validation,92,93,medium,5,Durango,Texas,2,2,2300,True,json,,6345,534,34.75875902175903,/workspace/results/qwen3_32b/travelplanner_probe_steered/20260418-112424/prompts/query_0093.txt,/workspace/results/qwen3_32b/travelplanner_probe_steered/20260418-112424/conditions/baseline/responses/response_0093.txt,/workspace/results/qwen3_32b/travelplanner_probe_steered/20260418-112424/conditions/baseline/plans/plan_0093.json
baseline,0.0,False,40,validation,93,94,medium,5,Richmond,Texas,2,2,6000,True,json,,6166,512,33.397727489471436,/workspace/results/qwen3_32b/travelplanner_probe_steered/20260418-112424/prompts/query_0094.txt,/workspace/results/qwen3_32b/travelplanner_probe_steered/20260418-112424/conditions/baseline/responses/response_0094.txt,/workspace/results/qwen3_32b/travelplanner_probe_steered/20260418-112424/conditions/baseline/plans/plan_0094.json
baseline,0.0,False,40,validation,94,95,medium,5,Fayetteville,New York,2,8,6900,True,json,,6253,596,38.46749925613403,/workspace/results/qwen3_32b/travelplanner_probe_steered/20260418-112424/prompts/query_0095.txt,/workspace/results/qwen3_32b/travelplanner_probe_steered/20260418-112424/conditions/baseline/responses/response_0095.txt,/workspace/results/qwen3_32b/travelplanner_probe_steered/20260418-112424/conditions/baseline/plans/plan_0095.json
baseline,0.0,False,40,validation,95,96,medium,5,Missoula,Texas,2,5,7200,True,json,,6433,634,40.96130132675171,/workspace/results/qwen3_32b/travelplanner_probe_steered/20260418-112424/prompts/query_0096.txt,/workspace/results/qwen3_32b/travelplanner_probe_steered/20260418-112424/conditions/baseline/responses/response_0096.txt,/workspace/results/qwen3_32b/travelplanner_probe_steered/20260418-112424/conditions/baseline/plans/plan_0096.json
baseline,0.0,False,40,validation,96,97,medium,5,Manhattan,Texas,2,3,3900,True,json,,7682,773,50.26658654212952,/workspace/results/qwen3_32b/travelplanner_probe_steered/20260418-112424/prompts/query_0097.txt,/workspace/results/qwen3_32b/travelplanner_probe_steered/20260418-112424/conditions/baseline/responses/response_0097.txt,/workspace/results/qwen3_32b/travelplanner_probe_steered/20260418-112424/conditions/baseline/plans/plan_0097.json
baseline,0.0,False,40,validation,97,98,medium,5,Bloomington,Florida,2,4,15900,True,json,,6978,510,33.61838150024414,/workspace/results/qwen3_32b/travelplanner_probe_steered/20260418-112424/prompts/query_0098.txt,/workspace/results/qwen3_32b/travelplanner_probe_steered/20260418-112424/conditions/baseline/responses/response_0098.txt,/workspace/results/qwen3_32b/travelplanner_probe_steered/20260418-112424/conditions/baseline/plans/plan_0098.json
baseline,0.0,False,40,validation,98,99,medium,5,Lake Charles,Texas,2,2,4600,True,json,,9647,511,35.672178745269775,/workspace/results/qwen3_32b/travelplanner_probe_steered/20260418-112424/prompts/query_0099.txt,/workspace/results/qwen3_32b/travelplanner_probe_steered/20260418-112424/conditions/baseline/responses/response_0099.txt,/workspace/results/qwen3_32b/travelplanner_probe_steered/20260418-112424/conditions/baseline/plans/plan_0099.json
baseline,0.0,False,40,validation,99,100,medium,5,Myrtle Beach,Tennessee,2,4,5500,True,json,,5780,530,34.35624694824219,/workspace/results/qwen3_32b/travelplanner_probe_steered/20260418-112424/prompts/query_0100.txt,/workspace/results/qwen3_32b/travelplanner_probe_steered/20260418-112424/conditions/baseline/responses/response_0100.txt,/workspace/results/qwen3_32b/travelplanner_probe_steered/20260418-112424/conditions/baseline/plans/plan_0100.json
baseline,0.0,False,40,validation,100,101,medium,7,Myrtle Beach,Michigan,3,2,8300,True,json,,8988,767,51.13050866127014,/workspace/results/qwen3_32b/travelplanner_probe_steered/20260418-112424/prompts/query_0101.txt,/workspace/results/qwen3_32b/travelplanner_probe_steered/20260418-112424/conditions/baseline/responses/response_0101.txt,/workspace/results/qwen3_32b/travelplanner_probe_steered/20260418-112424/conditions/baseline/plans/plan_0101.json
baseline,0.0,False,40,validation,101,102,medium,7,Punta Gorda,Michigan,3,3,4400,True,json,,9624,887,59.25098156929016,/workspace/results/qwen3_32b/travelplanner_probe_steered/20260418-112424/prompts/query_0102.txt,/workspace/results/qwen3_32b/travelplanner_probe_steered/20260418-112424/conditions/baseline/responses/response_0102.txt,/workspace/results/qwen3_32b/travelplanner_probe_steered/20260418-112424/conditions/baseline/plans/plan_0102.json
baseline,0.0,False,40,validation,102,103,medium,7,Greensboro,Georgia,3,3,4000,True,json,,10092,739,50.34317326545715,/workspace/results/qwen3_32b/travelplanner_probe_steered/20260418-112424/prompts/query_0103.txt,/workspace/results/qwen3_32b/travelplanner_probe_steered/20260418-112424/conditions/baseline/responses/response_0103.txt,/workspace/results/qwen3_32b/travelplanner_probe_steered/20260418-112424/conditions/baseline/plans/plan_0103.json
baseline,0.0,False,40,validation,103,104,medium,7,Tulsa,Missouri,3,2,8800,True,json,,9708,917,61.17048478126526,/workspace/results/qwen3_32b/travelplanner_probe_steered/20260418-112424/prompts/query_0104.txt,/workspace/results/qwen3_32b/travelplanner_probe_steered/20260418-112424/conditions/baseline/responses/response_0104.txt,/workspace/results/qwen3_32b/travelplanner_probe_steered/20260418-112424/conditions/baseline/plans/plan_0104.json
baseline,0.0,False,40,validation,104,105,medium,7,Monterey,Texas,3,4,15600,True,json,,9732,799,53.874988317489624,/workspace/results/qwen3_32b/travelplanner_probe_steered/20260418-112424/prompts/query_0105.txt,/workspace/results/qwen3_32b/travelplanner_probe_steered/20260418-112424/conditions/baseline/responses/response_0105.txt,/workspace/results/qwen3_32b/travelplanner_probe_steered/20260418-112424/conditions/baseline/plans/plan_0105.json
baseline,0.0,False,40,validation,105,106,medium,7,Akron,Georgia,3,2,8900,True,json,,9747,790,53.26073145866394,/workspace/results/qwen3_32b/travelplanner_probe_steered/20260418-112424/prompts/query_0106.txt,/workspace/results/qwen3_32b/travelplanner_probe_steered/20260418-112424/conditions/baseline/responses/response_0106.txt,/workspace/results/qwen3_32b/travelplanner_probe_steered/20260418-112424/conditions/baseline/plans/plan_0106.json
baseline,0.0,False,40,validation,106,107,medium,7,Washington,Indiana,3,5,23800,True,json,,9248,831,55.337666034698486,/workspace/results/qwen3_32b/travelplanner_probe_steered/20260418-112424/prompts/query_0107.txt,/workspace/results/qwen3_32b/travelplanner_probe_steered/20260418-112424/conditions/baseline/responses/response_0107.txt,/workspace/results/qwen3_32b/travelplanner_probe_steered/20260418-112424/conditions/baseline/plans/plan_0107.json
baseline,0.0,False,40,validation,107,108,medium,7,Billings,Arizona,3,6,11700,True,json,,9871,944,63.04552960395813,/workspace/results/qwen3_32b/travelplanner_probe_steered/20260418-112424/prompts/query_0108.txt,/workspace/results/qwen3_32b/travelplanner_probe_steered/20260418-112424/conditions/baseline/responses/response_0108.txt,/workspace/results/qwen3_32b/travelplanner_probe_steered/20260418-112424/conditions/baseline/plans/plan_0108.json
baseline,0.0,False,40,validation,108,109,medium,7,Harrisburg,Texas,3,2,4100,True,json,,8886,780,51.74900150299072,/workspace/results/qwen3_32b/travelplanner_probe_steered/20260418-112424/prompts/query_0109.txt,/workspace/results/qwen3_32b/travelplanner_probe_steered/20260418-112424/conditions/baseline/responses/response_0109.txt,/workspace/results/qwen3_32b/travelplanner_probe_steered/20260418-112424/conditions/baseline/plans/plan_0109.json
baseline,0.0,False,40,validation,109,110,medium,7,Miami,California,3,2,7200,True,json,,10724,767,52.689764738082886,/workspace/results/qwen3_32b/travelplanner_probe_steered/20260418-112424/prompts/query_0110.txt,/workspace/results/qwen3_32b/travelplanner_probe_steered/20260418-112424/conditions/baseline/responses/response_0110.txt,/workspace/results/qwen3_32b/travelplanner_probe_steered/20260418-112424/conditions/baseline/plans/plan_0110.json
baseline,0.0,False,40,validation,110,111,medium,7,Lexington,Texas,3,4,16800,True,json,,10700,777,53.2912232875824,/workspace/results/qwen3_32b/travelplanner_probe_steered/20260418-112424/prompts/query_0111.txt,/workspace/results/qwen3_32b/travelplanner_probe_steered/20260418-112424/conditions/baseline/responses/response_0111.txt,/workspace/results/qwen3_32b/travelplanner_probe_steered/20260418-112424/conditions/baseline/plans/plan_0111.json
baseline,0.0,False,40,validation,111,112,medium,7,Washington,New York,3,2,5500,True,json,,10605,692,47.826359272003174,/workspace/results/qwen3_32b/travelplanner_probe_steered/20260418-112424/prompts/query_0112.txt,/workspace/results/qwen3_32b/travelplanner_probe_steered/20260418-112424/conditions/baseline/responses/response_0112.txt,/workspace/results/qwen3_32b/travelplanner_probe_steered/20260418-112424/conditions/baseline/plans/plan_0112.json
baseline,0.0,False,40,validation,112,113,medium,7,Marquette,Michigan,3,5,14600,True,json,,9564,1324,86.66658186912537,/workspace/results/qwen3_32b/travelplanner_probe_steered/20260418-112424/prompts/query_0113.txt,/workspace/results/qwen3_32b/travelplanner_probe_steered/20260418-112424/conditions/baseline/responses/response_0113.txt,/workspace/results/qwen3_32b/travelplanner_probe_steered/20260418-112424/conditions/baseline/plans/plan_0113.json
baseline,0.0,False,40,validation,113,114,medium,7,Rapid City,Colorado,3,7,16300,True,json,,9422,840,56.11013340950012,/workspace/results/qwen3_32b/travelplanner_probe_steered/20260418-112424/prompts/query_0114.txt,/workspace/results/qwen3_32b/travelplanner_probe_steered/20260418-112424/conditions/baseline/responses/response_0114.txt,/workspace/results/qwen3_32b/travelplanner_probe_steered/20260418-112424/conditions/baseline/plans/plan_0114.json
baseline,0.0,False,40,validation,114,115,medium,7,Minneapolis,Texas,3,2,11900,True,json,,9264,808,53.90637254714966,/workspace/results/qwen3_32b/travelplanner_probe_steered/20260418-112424/prompts/query_0115.txt,/workspace/results/qwen3_32b/travelplanner_probe_steered/20260418-112424/conditions/baseline/responses/response_0115.txt,/workspace/results/qwen3_32b/travelplanner_probe_steered/20260418-112424/conditions/baseline/plans/plan_0115.json
baseline,0.0,False,40,validation,115,116,medium,7,Provo,California,3,5,14900,True,json,,9714,837,56.12867522239685,/workspace/results/qwen3_32b/travelplanner_probe_steered/20260418-112424/prompts/query_0116.txt,/workspace/results/qwen3_32b/travelplanner_probe_steered/20260418-112424/conditions/baseline/responses/response_0116.txt,/workspace/results/qwen3_32b/travelplanner_probe_steered/20260418-112424/conditions/baseline/plans/plan_0116.json
baseline,0.0,False,40,validation,116,117,medium,7,Rockford,Florida,3,8,17000,True,json,,11157,832,57.30531454086304,/workspace/results/qwen3_32b/travelplanner_probe_steered/20260418-112424/prompts/query_0117.txt,/workspace/results/qwen3_32b/travelplanner_probe_steered/20260418-112424/conditions/baseline/responses/response_0117.txt,/workspace/results/qwen3_32b/travelplanner_probe_steered/20260418-112424/conditions/baseline/plans/plan_0117.json
baseline,0.0,False,40,validation,117,118,medium,7,St. Louis,Pennsylvania,3,2,7200,True,json,,9990,803,54.76500082015991,/workspace/results/qwen3_32b/travelplanner_probe_steered/20260418-112424/prompts/query_0118.txt,/workspace/results/qwen3_32b/travelplanner_probe_steered/20260418-112424/conditions/baseline/responses/response_0118.txt,/workspace/results/qwen3_32b/travelplanner_probe_steered/20260418-112424/conditions/baseline/plans/plan_0118.json
baseline,0.0,False,40,validation,118,119,medium,7,Peoria,Illinois,3,3,8400,True,json,,9559,1362,90.874107837677,/workspace/results/qwen3_32b/travelplanner_probe_steered/20260418-112424/prompts/query_0119.txt,/workspace/results/qwen3_32b/travelplanner_probe_steered/20260418-112424/conditions/baseline/responses/response_0119.txt,/workspace/results/qwen3_32b/travelplanner_probe_steered/20260418-112424/conditions/baseline/plans/plan_0119.json
baseline,0.0,False,40,validation,119,120,medium,7,Chicago,Idaho,3,8,22200,True,json,,10783,802,55.038328647613525,/workspace/results/qwen3_32b/travelplanner_probe_steered/20260418-112424/prompts/query_0120.txt,/workspace/results/qwen3_32b/travelplanner_probe_steered/20260418-112424/conditions/baseline/responses/response_0120.txt,/workspace/results/qwen3_32b/travelplanner_probe_steered/20260418-112424/conditions/baseline/plans/plan_0120.json
baseline,0.0,False,40,validation,120,121,hard,3,Asheville,Minneapolis,1,3,2300,True,json,,3868,336,21.845207691192627,/workspace/results/qwen3_32b/travelplanner_probe_steered/20260418-112424/prompts/query_0121.txt,/workspace/results/qwen3_32b/travelplanner_probe_steered/20260418-112424/conditions/baseline/responses/response_0121.txt,/workspace/results/qwen3_32b/travelplanner_probe_steered/20260418-112424/conditions/baseline/plans/plan_0121.json
baseline,0.0,False,40,validation,121,122,hard,3,Ithaca,Newark,1,2,1200,False,,"ValueError: Parsed JSON is dict, expected a list.",3821,303,19.768165349960327,/workspace/results/qwen3_32b/travelplanner_probe_steered/20260418-112424/prompts/query_0122.txt,/workspace/results/qwen3_32b/travelplanner_probe_steered/20260418-112424/conditions/baseline/responses/response_0122.txt,/workspace/results/qwen3_32b/travelplanner_probe_steered/20260418-112424/conditions/baseline/plans/plan_0122.json
baseline,0.0,False,40,validation,122,123,hard,3,Nashville,Detroit,1,2,2200,True,json,,4032,319,20.847575426101685,/workspace/results/qwen3_32b/travelplanner_probe_steered/20260418-112424/prompts/query_0123.txt,/workspace/results/qwen3_32b/travelplanner_probe_steered/20260418-112424/conditions/baseline/responses/response_0123.txt,/workspace/results/qwen3_32b/travelplanner_probe_steered/20260418-112424/conditions/baseline/plans/plan_0123.json
baseline,0.0,False,40,validation,123,124,hard,3,Atlanta,Knoxville,1,2,1000,False,,"ValueError: Parsed JSON is dict, expected a list.",4123,326,21.387392282485962,/workspace/results/qwen3_32b/travelplanner_probe_steered/20260418-112424/prompts/query_0124.txt,/workspace/results/qwen3_32b/travelplanner_probe_steered/20260418-112424/conditions/baseline/responses/response_0124.txt,/workspace/results/qwen3_32b/travelplanner_probe_steered/20260418-112424/conditions/baseline/plans/plan_0124.json
baseline,0.0,False,40,validation,124,125,hard,3,New York,Charleston,1,2,1600,True,json,,5584,329,22.09661078453064,/workspace/results/qwen3_32b/travelplanner_probe_steered/20260418-112424/prompts/query_0125.txt,/workspace/results/qwen3_32b/travelplanner_probe_steered/20260418-112424/conditions/baseline/responses/response_0125.txt,/workspace/results/qwen3_32b/travelplanner_probe_steered/20260418-112424/conditions/baseline/plans/plan_0125.json
baseline,0.0,False,40,validation,125,126,hard,3,Chicago,Albany,1,2,2300,True,json,,3614,323,20.88976287841797,/workspace/results/qwen3_32b/travelplanner_probe_steered/20260418-112424/prompts/query_0126.txt,/workspace/results/qwen3_32b/travelplanner_probe_steered/20260418-112424/conditions/baseline/responses/response_0126.txt,/workspace/results/qwen3_32b/travelplanner_probe_steered/20260418-112424/conditions/baseline/plans/plan_0126.json
baseline,0.0,False,40,validation,126,127,hard,3,Daytona Beach,Atlanta,1,3,2100,True,json,,4004,350,22.672736167907715,/workspace/results/qwen3_32b/travelplanner_probe_steered/20260418-112424/prompts/query_0127.txt,/workspace/results/qwen3_32b/travelplanner_probe_steered/20260418-112424/conditions/baseline/responses/response_0127.txt,/workspace/results/qwen3_32b/travelplanner_probe_steered/20260418-112424/conditions/baseline/plans/plan_0127.json
baseline,0.0,False,40,validation,127,128,hard,3,Houston,Pensacola,1,2,1400,True,json,,4422,391,25.395108938217163,/workspace/results/qwen3_32b/travelplanner_probe_steered/20260418-112424/prompts/query_0128.txt,/workspace/results/qwen3_32b/travelplanner_probe_steered/20260418-112424/conditions/baseline/responses/response_0128.txt,/workspace/results/qwen3_32b/travelplanner_probe_steered/20260418-112424/conditions/baseline/plans/plan_0128.json
baseline,0.0,False,40,validation,128,129,hard,3,Newark,Savannah,1,2,1400,True,json,,3648,359,23.132431983947754,/workspace/results/qwen3_32b/travelplanner_probe_steered/20260418-112424/prompts/query_0129.txt,/workspace/results/qwen3_32b/travelplanner_probe_steered/20260418-112424/conditions/baseline/responses/response_0129.txt,/workspace/results/qwen3_32b/travelplanner_probe_steered/20260418-112424/conditions/baseline/plans/plan_0129.json
baseline,0.0,False,40,validation,129,130,hard,3,South Bend,Atlanta,1,2,1500,True,json,,3838,314,20.459497928619385,/workspace/results/qwen3_32b/travelplanner_probe_steered/20260418-112424/prompts/query_0130.txt,/workspace/results/qwen3_32b/travelplanner_probe_steered/20260418-112424/conditions/baseline/responses/response_0130.txt,/workspace/results/qwen3_32b/travelplanner_probe_steered/20260418-112424/conditions/baseline/plans/plan_0130.json
baseline,0.0,False,40,validation,130,131,hard,3,Los Angeles,Detroit,1,2,2000,False,,"ValueError: Parsed JSON is dict, expected a list.",4151,345,22.61664342880249,/workspace/results/qwen3_32b/travelplanner_probe_steered/20260418-112424/prompts/query_0131.txt,/workspace/results/qwen3_32b/travelplanner_probe_steered/20260418-112424/conditions/baseline/responses/response_0131.txt,/workspace/results/qwen3_32b/travelplanner_probe_steered/20260418-112424/conditions/baseline/plans/plan_0131.json
baseline,0.0,False,40,validation,131,132,hard,3,San Jose,Portland,1,2,1000,True,json,,4272,278,18.58122968673706,/workspace/results/qwen3_32b/travelplanner_probe_steered/20260418-112424/prompts/query_0132.txt,/workspace/results/qwen3_32b/travelplanner_probe_steered/20260418-112424/conditions/baseline/responses/response_0132.txt,/workspace/results/qwen3_32b/travelplanner_probe_steered/20260418-112424/conditions/baseline/plans/plan_0132.json
baseline,0.0,False,40,validation,132,133,hard,3,Houston,Pensacola,1,2,1100,True,json,,4409,378,24.73627281188965,/workspace/results/qwen3_32b/travelplanner_probe_steered/20260418-112424/prompts/query_0133.txt,/workspace/results/qwen3_32b/travelplanner_probe_steered/20260418-112424/conditions/baseline/responses/response_0133.txt,/workspace/results/qwen3_32b/travelplanner_probe_steered/20260418-112424/conditions/baseline/plans/plan_0133.json
baseline,0.0,False,40,validation,133,134,hard,3,Columbus,Newark,1,2,1200,True,json,,4167,277,18.48426103591919,/workspace/results/qwen3_32b/travelplanner_probe_steered/20260418-112424/prompts/query_0134.txt,/workspace/results/qwen3_32b/travelplanner_probe_steered/20260418-112424/conditions/baseline/responses/response_0134.txt,/workspace/results/qwen3_32b/travelplanner_probe_steered/20260418-112424/conditions/baseline/plans/plan_0134.json
baseline,0.0,False,40,validation,134,135,hard,3,Santa Ana,Houston,1,2,3000,True,json,,3874,294,19.368095874786377,/workspace/results/qwen3_32b/travelplanner_probe_steered/20260418-112424/prompts/query_0135.txt,/workspace/results/qwen3_32b/travelplanner_probe_steered/20260418-112424/conditions/baseline/responses/response_0135.txt,/workspace/results/qwen3_32b/travelplanner_probe_steered/20260418-112424/conditions/baseline/plans/plan_0135.json
baseline,0.0,False,40,validation,135,136,hard,3,West Palm Beach,White Plains,1,2,2600,True,json,,4076,338,22.091129779815674,/workspace/results/qwen3_32b/travelplanner_probe_steered/20260418-112424/prompts/query_0136.txt,/workspace/results/qwen3_32b/travelplanner_probe_steered/20260418-112424/conditions/baseline/responses/response_0136.txt,/workspace/results/qwen3_32b/travelplanner_probe_steered/20260418-112424/conditions/baseline/plans/plan_0136.json
baseline,0.0,False,40,validation,136,137,hard,3,Cincinnati,Philadelphia,1,2,2000,True,json,,3618,306,19.98142647743225,/workspace/results/qwen3_32b/travelplanner_probe_steered/20260418-112424/prompts/query_0137.txt,/workspace/results/qwen3_32b/travelplanner_probe_steered/20260418-112424/conditions/baseline/responses/response_0137.txt,/workspace/results/qwen3_32b/travelplanner_probe_steered/20260418-112424/conditions/baseline/plans/plan_0137.json
baseline,0.0,False,40,validation,137,138,hard,3,Elmira,Detroit,1,2,2200,True,json,,3594,352,22.773181200027466,/workspace/results/qwen3_32b/travelplanner_probe_steered/20260418-112424/prompts/query_0138.txt,/workspace/results/qwen3_32b/travelplanner_probe_steered/20260418-112424/conditions/baseline/responses/response_0138.txt,/workspace/results/qwen3_32b/travelplanner_probe_steered/20260418-112424/conditions/baseline/plans/plan_0138.json
baseline,0.0,False,40,validation,138,139,hard,3,Fort Wayne,Charlotte,1,3,1900,True,json,,3673,351,22.682876586914062,/workspace/results/qwen3_32b/travelplanner_probe_steered/20260418-112424/prompts/query_0139.txt,/workspace/results/qwen3_32b/travelplanner_probe_steered/20260418-112424/conditions/baseline/responses/response_0139.txt,/workspace/results/qwen3_32b/travelplanner_probe_steered/20260418-112424/conditions/baseline/plans/plan_0139.json
baseline,0.0,False,40,validation,139,140,hard,3,El Paso,Phoenix,1,2,1900,True,json,,4320,345,22.618056297302246,/workspace/results/qwen3_32b/travelplanner_probe_steered/20260418-112424/prompts/query_0140.txt,/workspace/results/qwen3_32b/travelplanner_probe_steered/20260418-112424/conditions/baseline/responses/response_0140.txt,/workspace/results/qwen3_32b/travelplanner_probe_steered/20260418-112424/conditions/baseline/plans/plan_0140.json
baseline,0.0,False,40,validation,140,141,hard,5,Las Vegas,Texas,2,2,3700,True,json,,6473,555,36.27868103981018,/workspace/results/qwen3_32b/travelplanner_probe_steered/20260418-112424/prompts/query_0141.txt,/workspace/results/qwen3_32b/travelplanner_probe_steered/20260418-112424/conditions/baseline/responses/response_0141.txt,/workspace/results/qwen3_32b/travelplanner_probe_steered/20260418-112424/conditions/baseline/plans/plan_0141.json
baseline,0.0,False,40,validation,141,142,hard,5,Washington,California,2,2,4600,True,json,,8843,592,40.057623863220215,/workspace/results/qwen3_32b/travelplanner_probe_steered/20260418-112424/prompts/query_0142.txt,/workspace/results/qwen3_32b/travelplanner_probe_steered/20260418-112424/conditions/baseline/responses/response_0142.txt,/workspace/results/qwen3_32b/travelplanner_probe_steered/20260418-112424/conditions/baseline/plans/plan_0142.json
baseline,0.0,False,40,validation,142,143,hard,5,Cleveland,Florida,2,6,13900,True,json,,7088,479,31.796546459197998,/workspace/results/qwen3_32b/travelplanner_probe_steered/20260418-112424/prompts/query_0143.txt,/workspace/results/qwen3_32b/travelplanner_probe_steered/20260418-112424/conditions/baseline/responses/response_0143.txt,/workspace/results/qwen3_32b/travelplanner_probe_steered/20260418-112424/conditions/baseline/plans/plan_0143.json
baseline,0.0,False,40,validation,143,144,hard,5,Charlotte,Wisconsin,2,2,2500,True,json,,6208,577,37.411216735839844,/workspace/results/qwen3_32b/travelplanner_probe_steered/20260418-112424/prompts/query_0144.txt,/workspace/results/qwen3_32b/travelplanner_probe_steered/20260418-112424/conditions/baseline/responses/response_0144.txt,/workspace/results/qwen3_32b/travelplanner_probe_steered/20260418-112424/conditions/baseline/plans/plan_0144.json
baseline,0.0,False,40,validation,144,145,hard,5,Milwaukee,Michigan,2,2,1700,True,json,,5753,651,41.8961021900177,/workspace/results/qwen3_32b/travelplanner_probe_steered/20260418-112424/prompts/query_0145.txt,/workspace/results/qwen3_32b/travelplanner_probe_steered/20260418-112424/conditions/baseline/responses/response_0145.txt,/workspace/results/qwen3_32b/travelplanner_probe_steered/20260418-112424/conditions/baseline/plans/plan_0145.json
baseline,0.0,False,40,validation,145,146,hard,5,Evansville,Texas,2,4,9500,True,json,,5489,930,58.662715673446655,/workspace/results/qwen3_32b/travelplanner_probe_steered/20260418-112424/prompts/query_0146.txt,/workspace/results/qwen3_32b/travelplanner_probe_steered/20260418-112424/conditions/baseline/responses/response_0146.txt,/workspace/results/qwen3_32b/travelplanner_probe_steered/20260418-112424/conditions/baseline/plans/plan_0146.json
baseline,0.0,False,40,validation,146,147,hard,5,Grand Junction,Arizona,2,2,2100,True,json,,6783,545,35.69739866256714,/workspace/results/qwen3_32b/travelplanner_probe_steered/20260418-112424/prompts/query_0147.txt,/workspace/results/qwen3_32b/travelplanner_probe_steered/20260418-112424/conditions/baseline/responses/response_0147.txt,/workspace/results/qwen3_32b/travelplanner_probe_steered/20260418-112424/conditions/baseline/plans/plan_0147.json
baseline,0.0,False,40,validation,147,148,hard,5,Minneapolis,Tennessee,2,2,2000,True,json,,6300,524,34.32250428199768,/workspace/results/qwen3_32b/travelplanner_probe_steered/20260418-112424/prompts/query_0148.txt,/workspace/results/qwen3_32b/travelplanner_probe_steered/20260418-112424/conditions/baseline/responses/response_0148.txt,/workspace/results/qwen3_32b/travelplanner_probe_steered/20260418-112424/conditions/baseline/plans/plan_0148.json
baseline,0.0,False,40,validation,148,149,hard,5,Myrtle Beach,Massachusetts,2,3,3800,True,json,,6962,553,36.26627540588379,/workspace/results/qwen3_32b/travelplanner_probe_steered/20260418-112424/prompts/query_0149.txt,/workspace/results/qwen3_32b/travelplanner_probe_steered/20260418-112424/conditions/baseline/responses/response_0149.txt,/workspace/results/qwen3_32b/travelplanner_probe_steered/20260418-112424/conditions/baseline/plans/plan_0149.json
baseline,0.0,False,40,validation,149,150,hard,5,Cedar Rapids,Texas,2,2,2400,True,json,,8834,609,41.108609676361084,/workspace/results/qwen3_32b/travelplanner_probe_steered/20260418-112424/prompts/query_0150.txt,/workspace/results/qwen3_32b/travelplanner_probe_steered/20260418-112424/conditions/baseline/responses/response_0150.txt,/workspace/results/qwen3_32b/travelplanner_probe_steered/20260418-112424/conditions/baseline/plans/plan_0150.json
baseline,0.0,False,40,validation,150,151,hard,5,Washington,New York,2,7,9100,True,json,,9103,507,35.0413122177124,/workspace/results/qwen3_32b/travelplanner_probe_steered/20260418-112424/prompts/query_0151.txt,/workspace/results/qwen3_32b/travelplanner_probe_steered/20260418-112424/conditions/baseline/responses/response_0151.txt,/workspace/results/qwen3_32b/travelplanner_probe_steered/20260418-112424/conditions/baseline/plans/plan_0151.json
baseline,0.0,False,40,validation,151,152,hard,5,Sun Valley,California,2,7,11400,True,json,,6495,573,37.19196796417236,/workspace/results/qwen3_32b/travelplanner_probe_steered/20260418-112424/prompts/query_0152.txt,/workspace/results/qwen3_32b/travelplanner_probe_steered/20260418-112424/conditions/baseline/responses/response_0152.txt,/workspace/results/qwen3_32b/travelplanner_probe_steered/20260418-112424/conditions/baseline/plans/plan_0152.json
baseline,0.0,False,40,validation,152,153,hard,5,Boston,North Carolina,2,4,8800,True,json,,7509,492,32.877914905548096,/workspace/results/qwen3_32b/travelplanner_probe_steered/20260418-112424/prompts/query_0153.txt,/workspace/results/qwen3_32b/travelplanner_probe_steered/20260418-112424/conditions/baseline/responses/response_0153.txt,/workspace/results/qwen3_32b/travelplanner_probe_steered/20260418-112424/conditions/baseline/plans/plan_0153.json
baseline,0.0,False,40,validation,153,154,hard,5,Baton Rouge,Texas,2,2,2900,True,json,,6446,610,39.56589674949646,/workspace/results/qwen3_32b/travelplanner_probe_steered/20260418-112424/prompts/query_0154.txt,/workspace/results/qwen3_32b/travelplanner_probe_steered/20260418-112424/conditions/baseline/responses/response_0154.txt,/workspace/results/qwen3_32b/travelplanner_probe_steered/20260418-112424/conditions/baseline/plans/plan_0154.json
baseline,0.0,False,40,validation,154,155,hard,5,Boston,New York,2,2,2700,True,json,,9361,580,39.76538395881653,/workspace/results/qwen3_32b/travelplanner_probe_steered/20260418-112424/prompts/query_0155.txt,/workspace/results/qwen3_32b/travelplanner_probe_steered/20260418-112424/conditions/baseline/responses/response_0155.txt,/workspace/results/qwen3_32b/travelplanner_probe_steered/20260418-112424/conditions/baseline/plans/plan_0155.json
baseline,0.0,False,40,validation,155,156,hard,5,Detroit,Wisconsin,2,2,3200,True,json,,7338,618,40.45996451377869,/workspace/results/qwen3_32b/travelplanner_probe_steered/20260418-112424/prompts/query_0156.txt,/workspace/results/qwen3_32b/travelplanner_probe_steered/20260418-112424/conditions/baseline/responses/response_0156.txt,/workspace/results/qwen3_32b/travelplanner_probe_steered/20260418-112424/conditions/baseline/plans/plan_0156.json
baseline,0.0,False,40,validation,156,157,hard,5,Newark,Ohio,2,2,4400,True,json,,6567,524,34.17801260948181,/workspace/results/qwen3_32b/travelplanner_probe_steered/20260418-112424/prompts/query_0157.txt,/workspace/results/qwen3_32b/travelplanner_probe_steered/20260418-112424/conditions/baseline/responses/response_0157.txt,/workspace/results/qwen3_32b/travelplanner_probe_steered/20260418-112424/conditions/baseline/plans/plan_0157.json
baseline,0.0,False,40,validation,157,158,hard,5,Fort Lauderdale,Texas,2,2,4200,True,json,,10587,505,36.02709102630615,/workspace/results/qwen3_32b/travelplanner_probe_steered/20260418-112424/prompts/query_0158.txt,/workspace/results/qwen3_32b/travelplanner_probe_steered/20260418-112424/conditions/baseline/responses/response_0158.txt,/workspace/results/qwen3_32b/travelplanner_probe_steered/20260418-112424/conditions/baseline/plans/plan_0158.json
baseline,0.0,False,40,validation,158,159,hard,5,Chicago,North Carolina,2,2,3600,True,json,,7569,552,36.61383676528931,/workspace/results/qwen3_32b/travelplanner_probe_steered/20260418-112424/prompts/query_0159.txt,/workspace/results/qwen3_32b/travelplanner_probe_steered/20260418-112424/conditions/baseline/responses/response_0159.txt,/workspace/results/qwen3_32b/travelplanner_probe_steered/20260418-112424/conditions/baseline/plans/plan_0159.json
baseline,0.0,False,40,validation,159,160,hard,5,Islip,Pennsylvania,2,2,2700,True,json,,5881,616,39.34165406227112,/workspace/results/qwen3_32b/travelplanner_probe_steered/20260418-112424/prompts/query_0160.txt,/workspace/results/qwen3_32b/travelplanner_probe_steered/20260418-112424/conditions/baseline/responses/response_0160.txt,/workspace/results/qwen3_32b/travelplanner_probe_steered/20260418-112424/conditions/baseline/plans/plan_0160.json
baseline,0.0,False,40,validation,160,161,hard,7,Pittsburgh,New York,3,2,5300,True,json,,9811,869,58.336503744125366,/workspace/results/qwen3_32b/travelplanner_probe_steered/20260418-112424/prompts/query_0161.txt,/workspace/results/qwen3_32b/travelplanner_probe_steered/20260418-112424/conditions/baseline/responses/response_0161.txt,/workspace/results/qwen3_32b/travelplanner_probe_steered/20260418-112424/conditions/baseline/plans/plan_0161.json
baseline,0.0,False,40,validation,161,162,hard,7,Houston,Tennessee,3,2,8200,True,json,,10032,721,49.22030472755432,/workspace/results/qwen3_32b/travelplanner_probe_steered/20260418-112424/prompts/query_0162.txt,/workspace/results/qwen3_32b/travelplanner_probe_steered/20260418-112424/conditions/baseline/responses/response_0162.txt,/workspace/results/qwen3_32b/travelplanner_probe_steered/20260418-112424/conditions/baseline/plans/plan_0162.json
baseline,0.0,False,40,validation,162,163,hard,7,Chattanooga,Georgia,3,2,6900,True,json,,10084,795,53.89739799499512,/workspace/results/qwen3_32b/travelplanner_probe_steered/20260418-112424/prompts/query_0163.txt,/workspace/results/qwen3_32b/travelplanner_probe_steered/20260418-112424/conditions/baseline/responses/response_0163.txt,/workspace/results/qwen3_32b/travelplanner_probe_steered/20260418-112424/conditions/baseline/plans/plan_0163.json
baseline,0.0,False,40,validation,163,164,hard,7,La Crosse,Illinois,3,5,4800,True,json,,9830,1402,91.99867963790894,/workspace/results/qwen3_32b/travelplanner_probe_steered/20260418-112424/prompts/query_0164.txt,/workspace/results/qwen3_32b/travelplanner_probe_steered/20260418-112424/conditions/baseline/responses/response_0164.txt,/workspace/results/qwen3_32b/travelplanner_probe_steered/20260418-112424/conditions/baseline/plans/plan_0164.json
baseline,0.0,False,40,validation,164,165,hard,7,Salt Lake City,California,3,2,4600,True,json,,11033,811,55.81586670875549,/workspace/results/qwen3_32b/travelplanner_probe_steered/20260418-112424/prompts/query_0165.txt,/workspace/results/qwen3_32b/travelplanner_probe_steered/20260418-112424/conditions/baseline/responses/response_0165.txt,/workspace/results/qwen3_32b/travelplanner_probe_steered/20260418-112424/conditions/baseline/plans/plan_0165.json
baseline,0.0,False,40,validation,165,166,hard,7,Las Vegas,Idaho,3,2,5100,True,json,,10821,1008,68.13958144187927,/workspace/results/qwen3_32b/travelplanner_probe_steered/20260418-112424/prompts/query_0166.txt,/workspace/results/qwen3_32b/travelplanner_probe_steered/20260418-112424/conditions/baseline/responses/response_0166.txt,/workspace/results/qwen3_32b/travelplanner_probe_steered/20260418-112424/conditions/baseline/plans/plan_0166.json
baseline,0.0,False,40,validation,166,167,hard,7,Santa Ana,Colorado,3,2,7700,True,json,,9117,936,61.81392788887024,/workspace/results/qwen3_32b/travelplanner_probe_steered/20260418-112424/prompts/query_0167.txt,/workspace/results/qwen3_32b/travelplanner_probe_steered/20260418-112424/conditions/baseline/responses/response_0167.txt,/workspace/results/qwen3_32b/travelplanner_probe_steered/20260418-112424/conditions/baseline/plans/plan_0167.json
baseline,0.0,False,40,validation,167,168,hard,7,Fort Lauderdale,Georgia,3,2,8000,True,json,,10991,774,53.37056231498718,/workspace/results/qwen3_32b/travelplanner_probe_steered/20260418-112424/prompts/query_0168.txt,/workspace/results/qwen3_32b/travelplanner_probe_steered/20260418-112424/conditions/baseline/responses/response_0168.txt,/workspace/results/qwen3_32b/travelplanner_probe_steered/20260418-112424/conditions/baseline/plans/plan_0168.json
baseline,0.0,False,40,validation,168,169,hard,7,Eau Claire,Illinois,3,3,10600,True,json,,9458,884,58.850693702697754,/workspace/results/qwen3_32b/travelplanner_probe_steered/20260418-112424/prompts/query_0169.txt,/workspace/results/qwen3_32b/travelplanner_probe_steered/20260418-112424/conditions/baseline/responses/response_0169.txt,/workspace/results/qwen3_32b/travelplanner_probe_steered/20260418-112424/conditions/baseline/plans/plan_0169.json
baseline,0.0,False,40,validation,169,170,hard,7,Seattle,Florida,3,4,14700,True,json,,10354,768,52.39751195907593,/workspace/results/qwen3_32b/travelplanner_probe_steered/20260418-112424/prompts/query_0170.txt,/workspace/results/qwen3_32b/travelplanner_probe_steered/20260418-112424/conditions/baseline/responses/response_0170.txt,/workspace/results/qwen3_32b/travelplanner_probe_steered/20260418-112424/conditions/baseline/plans/plan_0170.json
baseline,0.0,False,40,validation,170,171,hard,7,Baton Rouge,Texas,3,6,14600,True,json,,9137,882,58.404386043548584,/workspace/results/qwen3_32b/travelplanner_probe_steered/20260418-112424/prompts/query_0171.txt,/workspace/results/qwen3_32b/travelplanner_probe_steered/20260418-112424/conditions/baseline/responses/response_0171.txt,/workspace/results/qwen3_32b/travelplanner_probe_steered/20260418-112424/conditions/baseline/plans/plan_0171.json
baseline,0.0,False,40,validation,171,172,hard,7,Albuquerque,Texas,3,2,5000,True,json,,12617,1840,124.42183351516724,/workspace/results/qwen3_32b/travelplanner_probe_steered/20260418-112424/prompts/query_0172.txt,/workspace/results/qwen3_32b/travelplanner_probe_steered/20260418-112424/conditions/baseline/responses/response_0172.txt,/workspace/results/qwen3_32b/travelplanner_probe_steered/20260418-112424/conditions/baseline/plans/plan_0172.json
baseline,0.0,False,40,validation,172,173,hard,7,Fort Lauderdale,Louisiana,3,2,4400,True,json,,10009,868,58.374701499938965,/workspace/results/qwen3_32b/travelplanner_probe_steered/20260418-112424/prompts/query_0173.txt,/workspace/results/qwen3_32b/travelplanner_probe_steered/20260418-112424/conditions/baseline/responses/response_0173.txt,/workspace/results/qwen3_32b/travelplanner_probe_steered/20260418-112424/conditions/baseline/plans/plan_0173.json
baseline,0.0,False,40,validation,173,174,hard,7,North Platte,Colorado,3,2,6500,True,json,,9335,792,52.906269550323486,/workspace/results/qwen3_32b/travelplanner_probe_steered/20260418-112424/prompts/query_0174.txt,/workspace/results/qwen3_32b/travelplanner_probe_steered/20260418-112424/conditions/baseline/responses/response_0174.txt,/workspace/results/qwen3_32b/travelplanner_probe_steered/20260418-112424/conditions/baseline/plans/plan_0174.json
baseline,0.0,False,40,validation,174,175,hard,7,Minneapolis,Illinois,3,2,8100,True,json,,9425,824,55.01642894744873,/workspace/results/qwen3_32b/travelplanner_probe_steered/20260418-112424/prompts/query_0175.txt,/workspace/results/qwen3_32b/travelplanner_probe_steered/20260418-112424/conditions/baseline/responses/response_0175.txt,/workspace/results/qwen3_32b/travelplanner_probe_steered/20260418-112424/conditions/baseline/plans/plan_0175.json
baseline,0.0,False,40,validation,175,176,hard,7,Chattanooga,Georgia,3,2,6800,True,json,,10158,855,57.66708827018738,/workspace/results/qwen3_32b/travelplanner_probe_steered/20260418-112424/prompts/query_0176.txt,/workspace/results/qwen3_32b/travelplanner_probe_steered/20260418-112424/conditions/baseline/responses/response_0176.txt,/workspace/results/qwen3_32b/travelplanner_probe_steered/20260418-112424/conditions/baseline/plans/plan_0176.json
baseline,0.0,False,40,validation,176,177,hard,7,Salt Lake City,Montana,3,2,7200,True,json,,10067,711,48.50802278518677,/workspace/results/qwen3_32b/travelplanner_probe_steered/20260418-112424/prompts/query_0177.txt,/workspace/results/qwen3_32b/travelplanner_probe_steered/20260418-112424/conditions/baseline/responses/response_0177.txt,/workspace/results/qwen3_32b/travelplanner_probe_steered/20260418-112424/conditions/baseline/plans/plan_0177.json
baseline,0.0,False,40,validation,177,178,hard,7,Key West,Texas,3,2,7200,True,json,,12115,1364,92.57965111732483,/workspace/results/qwen3_32b/travelplanner_probe_steered/20260418-112424/prompts/query_0178.txt,/workspace/results/qwen3_32b/travelplanner_probe_steered/20260418-112424/conditions/baseline/responses/response_0178.txt,/workspace/results/qwen3_32b/travelplanner_probe_steered/20260418-112424/conditions/baseline/plans/plan_0178.json
baseline,0.0,False,40,validation,178,179,hard,7,Newark,Florida,3,3,10400,True,json,,12311,791,55.795400857925415,/workspace/results/qwen3_32b/travelplanner_probe_steered/20260418-112424/prompts/query_0179.txt,/workspace/results/qwen3_32b/travelplanner_probe_steered/20260418-112424/conditions/baseline/responses/response_0179.txt,/workspace/results/qwen3_32b/travelplanner_probe_steered/20260418-112424/conditions/baseline/plans/plan_0179.json
baseline,0.0,False,40,validation,179,180,hard,7,Reno,Texas,3,2,4300,True,json,,9296,796,53.15699124336243,/workspace/results/qwen3_32b/travelplanner_probe_steered/20260418-112424/prompts/query_0180.txt,/workspace/results/qwen3_32b/travelplanner_probe_steered/20260418-112424/conditions/baseline/responses/response_0180.txt,/workspace/results/qwen3_32b/travelplanner_probe_steered/20260418-112424/conditions/baseline/plans/plan_0180.json
