condition,amount_scale_factor,amount_scale_factor_text,base_x_now,base_x_now_text,base_y_later,base_y_later_text,x_now,x_now_text,y_later,y_later_text,amount_multiplier_text,t_delay,n_total,n_choose_x,n_choose_y,n_it_depends,n_unparsed,n_amount_scale_factors,amount_scale_factors,n_parsed,prop_choose_x_parsed,prop_choose_y_parsed,prop_it_depends_parsed,unparsed_rate,amount_multiplier
steer_immediate_minus64,0.3,0.3,100,100,100,100,30,30,30.0,30,1,1 hour,1,1,0,0,0,1,0.3,1,1.0,0.0,0.0,0.0,1.0
steer_immediate_minus64,0.3,0.3,100,100,100,100,30,30,30.0,30,1,10 years,1,1,0,0,0,1,0.3,1,1.0,0.0,0.0,0.0,1.0
steer_immediate_minus64,0.3,0.3,100,100,100,100,30,30,30.0,30,1,2 days,1,1,0,0,0,1,0.3,1,1.0,0.0,0.0,0.0,1.0
steer_immediate_minus64,0.3,0.3,100,100,100,100,30,30,30.0,30,1,2 years,1,1,0,0,0,1,0.3,1,1.0,0.0,0.0,0.0,1.0
steer_immediate_minus64,0.3,0.3,100,100,100,100,30,30,30.0,30,1,3 months,1,1,0,0,0,1,0.3,1,1.0,0.0,0.0,0.0,1.0
steer_immediate_minus64,0.3,0.3,100,100,100,100,30,30,30.0,30,1,3 years,1,1,0,0,0,1,0.3,1,1.0,0.0,0.0,0.0,1.0
steer_immediate_minus64,0.3,0.3,100,100,100,100,30,30,30.0,30,1,5 years,1,1,0,0,0,1,0.3,1,1.0,0.0,0.0,0.0,1.0
steer_immediate_minus64,0.3,0.3,100,100,100,100,30,30,30.0,30,1,8 hours,1,1,0,0,0,1,0.3,1,1.0,0.0,0.0,0.0,1.0
steer_immediate_minus64,0.3,0.3,100,100,100,100,30,30,30.0,30,1,month,1,1,0,0,0,1,0.3,1,1.0,0.0,0.0,0.0,1.0
steer_immediate_minus64,0.3,0.3,100,100,100,100,30,30,30.0,30,1,tomorrow,1,1,0,0,0,1,0.3,1,1.0,0.0,0.0,0.0,1.0
steer_immediate_minus64,0.3,0.3,100,100,100,100,30,30,30.0,30,1,week,1,1,0,0,0,1,0.3,1,1.0,0.0,0.0,0.0,1.0
steer_immediate_minus64,0.3,0.3,100,100,100,100,30,30,30.0,30,1,year,1,1,0,0,0,1,0.3,1,1.0,0.0,0.0,0.0,1.0
steer_immediate_minus64,0.3,0.3,100,100,101,101,30,30,30.3,30.3,1.01,1 hour,1,1,0,0,0,1,0.3,1,1.0,0.0,0.0,0.0,1.01
steer_immediate_minus64,0.3,0.3,100,100,101,101,30,30,30.3,30.3,1.01,10 years,1,1,0,0,0,1,0.3,1,1.0,0.0,0.0,0.0,1.01
steer_immediate_minus64,0.3,0.3,100,100,101,101,30,30,30.3,30.3,1.01,2 days,1,1,0,0,0,1,0.3,1,1.0,0.0,0.0,0.0,1.01
steer_immediate_minus64,0.3,0.3,100,100,101,101,30,30,30.3,30.3,1.01,2 years,1,1,0,0,0,1,0.3,1,1.0,0.0,0.0,0.0,1.01
steer_immediate_minus64,0.3,0.3,100,100,101,101,30,30,30.3,30.3,1.01,3 months,1,1,0,0,0,1,0.3,1,1.0,0.0,0.0,0.0,1.01
steer_immediate_minus64,0.3,0.3,100,100,101,101,30,30,30.3,30.3,1.01,3 years,1,1,0,0,0,1,0.3,1,1.0,0.0,0.0,0.0,1.01
steer_immediate_minus64,0.3,0.3,100,100,101,101,30,30,30.3,30.3,1.01,5 years,1,1,0,0,0,1,0.3,1,1.0,0.0,0.0,0.0,1.01
steer_immediate_minus64,0.3,0.3,100,100,101,101,30,30,30.3,30.3,1.01,8 hours,1,1,0,0,0,1,0.3,1,1.0,0.0,0.0,0.0,1.01
steer_immediate_minus64,0.3,0.3,100,100,101,101,30,30,30.3,30.3,1.01,month,1,1,0,0,0,1,0.3,1,1.0,0.0,0.0,0.0,1.01
steer_immediate_minus64,0.3,0.3,100,100,101,101,30,30,30.3,30.3,1.01,tomorrow,1,1,0,0,0,1,0.3,1,1.0,0.0,0.0,0.0,1.01
steer_immediate_minus64,0.3,0.3,100,100,101,101,30,30,30.3,30.3,1.01,week,1,1,0,0,0,1,0.3,1,1.0,0.0,0.0,0.0,1.01
steer_immediate_minus64,0.3,0.3,100,100,101,101,30,30,30.3,30.3,1.01,year,1,1,0,0,0,1,0.3,1,1.0,0.0,0.0,0.0,1.01
steer_immediate_minus64,0.3,0.3,100,100,110,110,30,30,33.0,33,1.1,1 hour,1,1,0,0,0,1,0.3,1,1.0,0.0,0.0,0.0,1.1
steer_immediate_minus64,0.3,0.3,100,100,110,110,30,30,33.0,33,1.1,10 years,1,1,0,0,0,1,0.3,1,1.0,0.0,0.0,0.0,1.1
steer_immediate_minus64,0.3,0.3,100,100,110,110,30,30,33.0,33,1.1,2 days,1,1,0,0,0,1,0.3,1,1.0,0.0,0.0,0.0,1.1
steer_immediate_minus64,0.3,0.3,100,100,110,110,30,30,33.0,33,1.1,2 years,1,1,0,0,0,1,0.3,1,1.0,0.0,0.0,0.0,1.1
steer_immediate_minus64,0.3,0.3,100,100,110,110,30,30,33.0,33,1.1,3 months,1,1,0,0,0,1,0.3,1,1.0,0.0,0.0,0.0,1.1
steer_immediate_minus64,0.3,0.3,100,100,110,110,30,30,33.0,33,1.1,3 years,1,1,0,0,0,1,0.3,1,1.0,0.0,0.0,0.0,1.1
steer_immediate_minus64,0.3,0.3,100,100,110,110,30,30,33.0,33,1.1,5 years,1,1,0,0,0,1,0.3,1,1.0,0.0,0.0,0.0,1.1
steer_immediate_minus64,0.3,0.3,100,100,110,110,30,30,33.0,33,1.1,8 hours,1,1,0,0,0,1,0.3,1,1.0,0.0,0.0,0.0,1.1
steer_immediate_minus64,0.3,0.3,100,100,110,110,30,30,33.0,33,1.1,month,1,1,0,0,0,1,0.3,1,1.0,0.0,0.0,0.0,1.1
steer_immediate_minus64,0.3,0.3,100,100,110,110,30,30,33.0,33,1.1,tomorrow,1,1,0,0,0,1,0.3,1,1.0,0.0,0.0,0.0,1.1
steer_immediate_minus64,0.3,0.3,100,100,110,110,30,30,33.0,33,1.1,week,1,1,0,0,0,1,0.3,1,1.0,0.0,0.0,0.0,1.1
steer_immediate_minus64,0.3,0.3,100,100,110,110,30,30,33.0,33,1.1,year,1,1,0,0,0,1,0.3,1,1.0,0.0,0.0,0.0,1.1
steer_immediate_minus64,0.3,0.3,100,100,150,150,30,30,45.0,45,1.5,1 hour,1,1,0,0,0,1,0.3,1,1.0,0.0,0.0,0.0,1.5
steer_immediate_minus64,0.3,0.3,100,100,150,150,30,30,45.0,45,1.5,10 years,1,1,0,0,0,1,0.3,1,1.0,0.0,0.0,0.0,1.5
steer_immediate_minus64,0.3,0.3,100,100,150,150,30,30,45.0,45,1.5,2 days,1,0,1,0,0,1,0.3,1,0.0,1.0,0.0,0.0,1.5
steer_immediate_minus64,0.3,0.3,100,100,150,150,30,30,45.0,45,1.5,2 years,1,1,0,0,0,1,0.3,1,1.0,0.0,0.0,0.0,1.5
steer_immediate_minus64,0.3,0.3,100,100,150,150,30,30,45.0,45,1.5,3 months,1,1,0,0,0,1,0.3,1,1.0,0.0,0.0,0.0,1.5
steer_immediate_minus64,0.3,0.3,100,100,150,150,30,30,45.0,45,1.5,3 years,1,1,0,0,0,1,0.3,1,1.0,0.0,0.0,0.0,1.5
steer_immediate_minus64,0.3,0.3,100,100,150,150,30,30,45.0,45,1.5,5 years,1,1,0,0,0,1,0.3,1,1.0,0.0,0.0,0.0,1.5
steer_immediate_minus64,0.3,0.3,100,100,150,150,30,30,45.0,45,1.5,8 hours,1,1,0,0,0,1,0.3,1,1.0,0.0,0.0,0.0,1.5
steer_immediate_minus64,0.3,0.3,100,100,150,150,30,30,45.0,45,1.5,month,1,0,0,1,0,1,0.3,1,0.5,0.5,1.0,0.0,1.5
steer_immediate_minus64,0.3,0.3,100,100,150,150,30,30,45.0,45,1.5,tomorrow,1,0,1,0,0,1,0.3,1,0.0,1.0,0.0,0.0,1.5
steer_immediate_minus64,0.3,0.3,100,100,150,150,30,30,45.0,45,1.5,week,1,1,0,0,0,1,0.3,1,1.0,0.0,0.0,0.0,1.5
steer_immediate_minus64,0.3,0.3,100,100,150,150,30,30,45.0,45,1.5,year,1,1,0,0,0,1,0.3,1,1.0,0.0,0.0,0.0,1.5
steer_immediate_minus64,0.3,0.3,100,100,200,200,30,30,60.0,60,2,1 hour,1,0,1,0,0,1,0.3,1,0.0,1.0,0.0,0.0,2.0
steer_immediate_minus64,0.3,0.3,100,100,200,200,30,30,60.0,60,2,10 years,1,1,0,0,0,1,0.3,1,1.0,0.0,0.0,0.0,2.0
steer_immediate_minus64,0.3,0.3,100,100,200,200,30,30,60.0,60,2,2 days,1,0,1,0,0,1,0.3,1,0.0,1.0,0.0,0.0,2.0
steer_immediate_minus64,0.3,0.3,100,100,200,200,30,30,60.0,60,2,2 years,1,1,0,0,0,1,0.3,1,1.0,0.0,0.0,0.0,2.0
steer_immediate_minus64,0.3,0.3,100,100,200,200,30,30,60.0,60,2,3 months,1,0,1,0,0,1,0.3,1,0.0,1.0,0.0,0.0,2.0
steer_immediate_minus64,0.3,0.3,100,100,200,200,30,30,60.0,60,2,3 years,1,1,0,0,0,1,0.3,1,1.0,0.0,0.0,0.0,2.0
steer_immediate_minus64,0.3,0.3,100,100,200,200,30,30,60.0,60,2,5 years,1,1,0,0,0,1,0.3,1,1.0,0.0,0.0,0.0,2.0
steer_immediate_minus64,0.3,0.3,100,100,200,200,30,30,60.0,60,2,8 hours,1,0,1,0,0,1,0.3,1,0.0,1.0,0.0,0.0,2.0
steer_immediate_minus64,0.3,0.3,100,100,200,200,30,30,60.0,60,2,month,1,0,0,1,0,1,0.3,1,0.5,0.5,1.0,0.0,2.0
steer_immediate_minus64,0.3,0.3,100,100,200,200,30,30,60.0,60,2,tomorrow,1,0,1,0,0,1,0.3,1,0.0,1.0,0.0,0.0,2.0
steer_immediate_minus64,0.3,0.3,100,100,200,200,30,30,60.0,60,2,week,1,0,1,0,0,1,0.3,1,0.0,1.0,0.0,0.0,2.0
steer_immediate_minus64,0.3,0.3,100,100,200,200,30,30,60.0,60,2,year,1,1,0,0,0,1,0.3,1,1.0,0.0,0.0,0.0,2.0
steer_immediate_minus64,0.3,0.3,100,100,500,500,30,30,150.0,150,5,1 hour,1,0,1,0,0,1,0.3,1,0.0,1.0,0.0,0.0,5.0
steer_immediate_minus64,0.3,0.3,100,100,500,500,30,30,150.0,150,5,10 years,1,0,1,0,0,1,0.3,1,0.0,1.0,0.0,0.0,5.0
steer_immediate_minus64,0.3,0.3,100,100,500,500,30,30,150.0,150,5,2 days,1,0,1,0,0,1,0.3,1,0.0,1.0,0.0,0.0,5.0
steer_immediate_minus64,0.3,0.3,100,100,500,500,30,30,150.0,150,5,2 years,1,0,1,0,0,1,0.3,1,0.0,1.0,0.0,0.0,5.0
steer_immediate_minus64,0.3,0.3,100,100,500,500,30,30,150.0,150,5,3 months,1,0,1,0,0,1,0.3,1,0.0,1.0,0.0,0.0,5.0
steer_immediate_minus64,0.3,0.3,100,100,500,500,30,30,150.0,150,5,3 years,1,1,0,0,0,1,0.3,1,1.0,0.0,0.0,0.0,5.0
steer_immediate_minus64,0.3,0.3,100,100,500,500,30,30,150.0,150,5,5 years,1,1,0,0,0,1,0.3,1,1.0,0.0,0.0,0.0,5.0
steer_immediate_minus64,0.3,0.3,100,100,500,500,30,30,150.0,150,5,8 hours,1,0,1,0,0,1,0.3,1,0.0,1.0,0.0,0.0,5.0
steer_immediate_minus64,0.3,0.3,100,100,500,500,30,30,150.0,150,5,month,1,0,0,1,0,1,0.3,1,0.5,0.5,1.0,0.0,5.0
steer_immediate_minus64,0.3,0.3,100,100,500,500,30,30,150.0,150,5,tomorrow,1,0,1,0,0,1,0.3,1,0.0,1.0,0.0,0.0,5.0
steer_immediate_minus64,0.3,0.3,100,100,500,500,30,30,150.0,150,5,week,1,0,1,0,0,1,0.3,1,0.0,1.0,0.0,0.0,5.0
steer_immediate_minus64,0.3,0.3,100,100,500,500,30,30,150.0,150,5,year,1,1,0,0,0,1,0.3,1,1.0,0.0,0.0,0.0,5.0
steer_immediate_minus64,0.3,0.3,100,100,1000,1000,30,30,300.0,300,10,1 hour,1,0,1,0,0,1,0.3,1,0.0,1.0,0.0,0.0,10.0
steer_immediate_minus64,0.3,0.3,100,100,1000,1000,30,30,300.0,300,10,10 years,1,0,1,0,0,1,0.3,1,0.0,1.0,0.0,0.0,10.0
steer_immediate_minus64,0.3,0.3,100,100,1000,1000,30,30,300.0,300,10,2 days,1,0,1,0,0,1,0.3,1,0.0,1.0,0.0,0.0,10.0
steer_immediate_minus64,0.3,0.3,100,100,1000,1000,30,30,300.0,300,10,2 years,1,0,1,0,0,1,0.3,1,0.0,1.0,0.0,0.0,10.0
steer_immediate_minus64,0.3,0.3,100,100,1000,1000,30,30,300.0,300,10,3 months,1,0,1,0,0,1,0.3,1,0.0,1.0,0.0,0.0,10.0
steer_immediate_minus64,0.3,0.3,100,100,1000,1000,30,30,300.0,300,10,3 years,1,1,0,0,0,1,0.3,1,1.0,0.0,0.0,0.0,10.0
steer_immediate_minus64,0.3,0.3,100,100,1000,1000,30,30,300.0,300,10,5 years,1,1,0,0,0,1,0.3,1,1.0,0.0,0.0,0.0,10.0
steer_immediate_minus64,0.3,0.3,100,100,1000,1000,30,30,300.0,300,10,8 hours,1,0,1,0,0,1,0.3,1,0.0,1.0,0.0,0.0,10.0
steer_immediate_minus64,0.3,0.3,100,100,1000,1000,30,30,300.0,300,10,month,1,0,1,0,0,1,0.3,1,0.0,1.0,0.0,0.0,10.0
steer_immediate_minus64,0.3,0.3,100,100,1000,1000,30,30,300.0,300,10,tomorrow,1,0,1,0,0,1,0.3,1,0.0,1.0,0.0,0.0,10.0
steer_immediate_minus64,0.3,0.3,100,100,1000,1000,30,30,300.0,300,10,week,1,0,1,0,0,1,0.3,1,0.0,1.0,0.0,0.0,10.0
steer_immediate_minus64,0.3,0.3,100,100,1000,1000,30,30,300.0,300,10,year,1,0,1,0,0,1,0.3,1,0.0,1.0,0.0,0.0,10.0
steer_immediate_minus64,0.3,0.3,100,100,10000,10000,30,30,3000.0,3000,100,1 hour,1,0,1,0,0,1,0.3,1,0.0,1.0,0.0,0.0,100.0
steer_immediate_minus64,0.3,0.3,100,100,10000,10000,30,30,3000.0,3000,100,10 years,1,0,1,0,0,1,0.3,1,0.0,1.0,0.0,0.0,100.0
steer_immediate_minus64,0.3,0.3,100,100,10000,10000,30,30,3000.0,3000,100,2 days,1,0,1,0,0,1,0.3,1,0.0,1.0,0.0,0.0,100.0
steer_immediate_minus64,0.3,0.3,100,100,10000,10000,30,30,3000.0,3000,100,2 years,1,0,1,0,0,1,0.3,1,0.0,1.0,0.0,0.0,100.0
steer_immediate_minus64,0.3,0.3,100,100,10000,10000,30,30,3000.0,3000,100,3 months,1,0,1,0,0,1,0.3,1,0.0,1.0,0.0,0.0,100.0
steer_immediate_minus64,0.3,0.3,100,100,10000,10000,30,30,3000.0,3000,100,3 years,1,0,1,0,0,1,0.3,1,0.0,1.0,0.0,0.0,100.0
steer_immediate_minus64,0.3,0.3,100,100,10000,10000,30,30,3000.0,3000,100,5 years,1,0,1,0,0,1,0.3,1,0.0,1.0,0.0,0.0,100.0
steer_immediate_minus64,0.3,0.3,100,100,10000,10000,30,30,3000.0,3000,100,8 hours,1,0,1,0,0,1,0.3,1,0.0,1.0,0.0,0.0,100.0
steer_immediate_minus64,0.3,0.3,100,100,10000,10000,30,30,3000.0,3000,100,month,1,0,1,0,0,1,0.3,1,0.0,1.0,0.0,0.0,100.0
steer_immediate_minus64,0.3,0.3,100,100,10000,10000,30,30,3000.0,3000,100,tomorrow,1,0,1,0,0,1,0.3,1,0.0,1.0,0.0,0.0,100.0
steer_immediate_minus64,0.3,0.3,100,100,10000,10000,30,30,3000.0,3000,100,week,1,0,1,0,0,1,0.3,1,0.0,1.0,0.0,0.0,100.0
steer_immediate_minus64,0.3,0.3,100,100,10000,10000,30,30,3000.0,3000,100,year,1,0,1,0,0,1,0.3,1,0.0,1.0,0.0,0.0,100.0
steer_immediate_minus64,0.5,0.5,100,100,100,100,50,50,50.0,50,1,1 hour,1,1,0,0,0,1,0.5,1,1.0,0.0,0.0,0.0,1.0
steer_immediate_minus64,0.5,0.5,100,100,100,100,50,50,50.0,50,1,10 years,1,1,0,0,0,1,0.5,1,1.0,0.0,0.0,0.0,1.0
steer_immediate_minus64,0.5,0.5,100,100,100,100,50,50,50.0,50,1,2 days,1,1,0,0,0,1,0.5,1,1.0,0.0,0.0,0.0,1.0
steer_immediate_minus64,0.5,0.5,100,100,100,100,50,50,50.0,50,1,2 years,1,1,0,0,0,1,0.5,1,1.0,0.0,0.0,0.0,1.0
steer_immediate_minus64,0.5,0.5,100,100,100,100,50,50,50.0,50,1,3 months,1,1,0,0,0,1,0.5,1,1.0,0.0,0.0,0.0,1.0
steer_immediate_minus64,0.5,0.5,100,100,100,100,50,50,50.0,50,1,3 years,1,1,0,0,0,1,0.5,1,1.0,0.0,0.0,0.0,1.0
steer_immediate_minus64,0.5,0.5,100,100,100,100,50,50,50.0,50,1,5 years,1,1,0,0,0,1,0.5,1,1.0,0.0,0.0,0.0,1.0
steer_immediate_minus64,0.5,0.5,100,100,100,100,50,50,50.0,50,1,8 hours,1,1,0,0,0,1,0.5,1,1.0,0.0,0.0,0.0,1.0
steer_immediate_minus64,0.5,0.5,100,100,100,100,50,50,50.0,50,1,month,1,1,0,0,0,1,0.5,1,1.0,0.0,0.0,0.0,1.0
steer_immediate_minus64,0.5,0.5,100,100,100,100,50,50,50.0,50,1,tomorrow,1,1,0,0,0,1,0.5,1,1.0,0.0,0.0,0.0,1.0
steer_immediate_minus64,0.5,0.5,100,100,100,100,50,50,50.0,50,1,week,1,1,0,0,0,1,0.5,1,1.0,0.0,0.0,0.0,1.0
steer_immediate_minus64,0.5,0.5,100,100,100,100,50,50,50.0,50,1,year,1,1,0,0,0,1,0.5,1,1.0,0.0,0.0,0.0,1.0
steer_immediate_minus64,0.5,0.5,100,100,101,101,50,50,50.5,50.5,1.01,1 hour,1,1,0,0,0,1,0.5,1,1.0,0.0,0.0,0.0,1.01
steer_immediate_minus64,0.5,0.5,100,100,101,101,50,50,50.5,50.5,1.01,10 years,1,1,0,0,0,1,0.5,1,1.0,0.0,0.0,0.0,1.01
steer_immediate_minus64,0.5,0.5,100,100,101,101,50,50,50.5,50.5,1.01,2 days,1,1,0,0,0,1,0.5,1,1.0,0.0,0.0,0.0,1.01
steer_immediate_minus64,0.5,0.5,100,100,101,101,50,50,50.5,50.5,1.01,2 years,1,1,0,0,0,1,0.5,1,1.0,0.0,0.0,0.0,1.01
steer_immediate_minus64,0.5,0.5,100,100,101,101,50,50,50.5,50.5,1.01,3 months,1,1,0,0,0,1,0.5,1,1.0,0.0,0.0,0.0,1.01
steer_immediate_minus64,0.5,0.5,100,100,101,101,50,50,50.5,50.5,1.01,3 years,1,1,0,0,0,1,0.5,1,1.0,0.0,0.0,0.0,1.01
steer_immediate_minus64,0.5,0.5,100,100,101,101,50,50,50.5,50.5,1.01,5 years,1,1,0,0,0,1,0.5,1,1.0,0.0,0.0,0.0,1.01
steer_immediate_minus64,0.5,0.5,100,100,101,101,50,50,50.5,50.5,1.01,8 hours,1,1,0,0,0,1,0.5,1,1.0,0.0,0.0,0.0,1.01
steer_immediate_minus64,0.5,0.5,100,100,101,101,50,50,50.5,50.5,1.01,month,1,1,0,0,0,1,0.5,1,1.0,0.0,0.0,0.0,1.01
steer_immediate_minus64,0.5,0.5,100,100,101,101,50,50,50.5,50.5,1.01,tomorrow,1,0,1,0,0,1,0.5,1,0.0,1.0,0.0,0.0,1.01
steer_immediate_minus64,0.5,0.5,100,100,101,101,50,50,50.5,50.5,1.01,week,1,1,0,0,0,1,0.5,1,1.0,0.0,0.0,0.0,1.01
steer_immediate_minus64,0.5,0.5,100,100,101,101,50,50,50.5,50.5,1.01,year,1,1,0,0,0,1,0.5,1,1.0,0.0,0.0,0.0,1.01
steer_immediate_minus64,0.5,0.5,100,100,110,110,50,50,55.0,55,1.1,1 hour,1,1,0,0,0,1,0.5,1,1.0,0.0,0.0,0.0,1.1
steer_immediate_minus64,0.5,0.5,100,100,110,110,50,50,55.0,55,1.1,10 years,1,1,0,0,0,1,0.5,1,1.0,0.0,0.0,0.0,1.1
steer_immediate_minus64,0.5,0.5,100,100,110,110,50,50,55.0,55,1.1,2 days,1,1,0,0,0,1,0.5,1,1.0,0.0,0.0,0.0,1.1
steer_immediate_minus64,0.5,0.5,100,100,110,110,50,50,55.0,55,1.1,2 years,1,1,0,0,0,1,0.5,1,1.0,0.0,0.0,0.0,1.1
steer_immediate_minus64,0.5,0.5,100,100,110,110,50,50,55.0,55,1.1,3 months,1,1,0,0,0,1,0.5,1,1.0,0.0,0.0,0.0,1.1
steer_immediate_minus64,0.5,0.5,100,100,110,110,50,50,55.0,55,1.1,3 years,1,1,0,0,0,1,0.5,1,1.0,0.0,0.0,0.0,1.1
steer_immediate_minus64,0.5,0.5,100,100,110,110,50,50,55.0,55,1.1,5 years,1,1,0,0,0,1,0.5,1,1.0,0.0,0.0,0.0,1.1
steer_immediate_minus64,0.5,0.5,100,100,110,110,50,50,55.0,55,1.1,8 hours,1,1,0,0,0,1,0.5,1,1.0,0.0,0.0,0.0,1.1
steer_immediate_minus64,0.5,0.5,100,100,110,110,50,50,55.0,55,1.1,month,1,1,0,0,0,1,0.5,1,1.0,0.0,0.0,0.0,1.1
steer_immediate_minus64,0.5,0.5,100,100,110,110,50,50,55.0,55,1.1,tomorrow,1,1,0,0,0,1,0.5,1,1.0,0.0,0.0,0.0,1.1
steer_immediate_minus64,0.5,0.5,100,100,110,110,50,50,55.0,55,1.1,week,1,1,0,0,0,1,0.5,1,1.0,0.0,0.0,0.0,1.1
steer_immediate_minus64,0.5,0.5,100,100,110,110,50,50,55.0,55,1.1,year,1,1,0,0,0,1,0.5,1,1.0,0.0,0.0,0.0,1.1
steer_immediate_minus64,0.5,0.5,100,100,150,150,50,50,75.0,75,1.5,1 hour,1,1,0,0,0,1,0.5,1,1.0,0.0,0.0,0.0,1.5
steer_immediate_minus64,0.5,0.5,100,100,150,150,50,50,75.0,75,1.5,10 years,1,1,0,0,0,1,0.5,1,1.0,0.0,0.0,0.0,1.5
steer_immediate_minus64,0.5,0.5,100,100,150,150,50,50,75.0,75,1.5,2 days,1,0,1,0,0,1,0.5,1,0.0,1.0,0.0,0.0,1.5
steer_immediate_minus64,0.5,0.5,100,100,150,150,50,50,75.0,75,1.5,2 years,1,0,1,0,0,1,0.5,1,0.0,1.0,0.0,0.0,1.5
steer_immediate_minus64,0.5,0.5,100,100,150,150,50,50,75.0,75,1.5,3 months,1,0,1,0,0,1,0.5,1,0.0,1.0,0.0,0.0,1.5
steer_immediate_minus64,0.5,0.5,100,100,150,150,50,50,75.0,75,1.5,3 years,1,1,0,0,0,1,0.5,1,1.0,0.0,0.0,0.0,1.5
steer_immediate_minus64,0.5,0.5,100,100,150,150,50,50,75.0,75,1.5,5 years,1,1,0,0,0,1,0.5,1,1.0,0.0,0.0,0.0,1.5
steer_immediate_minus64,0.5,0.5,100,100,150,150,50,50,75.0,75,1.5,8 hours,1,1,0,0,0,1,0.5,1,1.0,0.0,0.0,0.0,1.5
steer_immediate_minus64,0.5,0.5,100,100,150,150,50,50,75.0,75,1.5,month,1,0,0,1,0,1,0.5,1,0.5,0.5,1.0,0.0,1.5
steer_immediate_minus64,0.5,0.5,100,100,150,150,50,50,75.0,75,1.5,tomorrow,1,0,1,0,0,1,0.5,1,0.0,1.0,0.0,0.0,1.5
steer_immediate_minus64,0.5,0.5,100,100,150,150,50,50,75.0,75,1.5,week,1,0,1,0,0,1,0.5,1,0.0,1.0,0.0,0.0,1.5
steer_immediate_minus64,0.5,0.5,100,100,150,150,50,50,75.0,75,1.5,year,1,1,0,0,0,1,0.5,1,1.0,0.0,0.0,0.0,1.5
steer_immediate_minus64,0.5,0.5,100,100,200,200,50,50,100.0,100,2,1 hour,1,0,1,0,0,1,0.5,1,0.0,1.0,0.0,0.0,2.0
steer_immediate_minus64,0.5,0.5,100,100,200,200,50,50,100.0,100,2,10 years,1,1,0,0,0,1,0.5,1,1.0,0.0,0.0,0.0,2.0
steer_immediate_minus64,0.5,0.5,100,100,200,200,50,50,100.0,100,2,2 days,1,0,1,0,0,1,0.5,1,0.0,1.0,0.0,0.0,2.0
steer_immediate_minus64,0.5,0.5,100,100,200,200,50,50,100.0,100,2,2 years,1,0,1,0,0,1,0.5,1,0.0,1.0,0.0,0.0,2.0
steer_immediate_minus64,0.5,0.5,100,100,200,200,50,50,100.0,100,2,3 months,1,0,1,0,0,1,0.5,1,0.0,1.0,0.0,0.0,2.0
steer_immediate_minus64,0.5,0.5,100,100,200,200,50,50,100.0,100,2,3 years,1,1,0,0,0,1,0.5,1,1.0,0.0,0.0,0.0,2.0
steer_immediate_minus64,0.5,0.5,100,100,200,200,50,50,100.0,100,2,5 years,1,1,0,0,0,1,0.5,1,1.0,0.0,0.0,0.0,2.0
steer_immediate_minus64,0.5,0.5,100,100,200,200,50,50,100.0,100,2,8 hours,1,0,1,0,0,1,0.5,1,0.0,1.0,0.0,0.0,2.0
steer_immediate_minus64,0.5,0.5,100,100,200,200,50,50,100.0,100,2,month,1,0,1,0,0,1,0.5,1,0.0,1.0,0.0,0.0,2.0
steer_immediate_minus64,0.5,0.5,100,100,200,200,50,50,100.0,100,2,tomorrow,1,0,1,0,0,1,0.5,1,0.0,1.0,0.0,0.0,2.0
steer_immediate_minus64,0.5,0.5,100,100,200,200,50,50,100.0,100,2,week,1,0,1,0,0,1,0.5,1,0.0,1.0,0.0,0.0,2.0
steer_immediate_minus64,0.5,0.5,100,100,200,200,50,50,100.0,100,2,year,1,1,0,0,0,1,0.5,1,1.0,0.0,0.0,0.0,2.0
steer_immediate_minus64,0.5,0.5,100,100,500,500,50,50,250.0,250,5,1 hour,1,0,1,0,0,1,0.5,1,0.0,1.0,0.0,0.0,5.0
steer_immediate_minus64,0.5,0.5,100,100,500,500,50,50,250.0,250,5,10 years,1,0,1,0,0,1,0.5,1,0.0,1.0,0.0,0.0,5.0
steer_immediate_minus64,0.5,0.5,100,100,500,500,50,50,250.0,250,5,2 days,1,0,1,0,0,1,0.5,1,0.0,1.0,0.0,0.0,5.0
steer_immediate_minus64,0.5,0.5,100,100,500,500,50,50,250.0,250,5,2 years,1,0,1,0,0,1,0.5,1,0.0,1.0,0.0,0.0,5.0
steer_immediate_minus64,0.5,0.5,100,100,500,500,50,50,250.0,250,5,3 months,1,0,1,0,0,1,0.5,1,0.0,1.0,0.0,0.0,5.0
steer_immediate_minus64,0.5,0.5,100,100,500,500,50,50,250.0,250,5,3 years,1,1,0,0,0,1,0.5,1,1.0,0.0,0.0,0.0,5.0
steer_immediate_minus64,0.5,0.5,100,100,500,500,50,50,250.0,250,5,5 years,1,1,0,0,0,1,0.5,1,1.0,0.0,0.0,0.0,5.0
steer_immediate_minus64,0.5,0.5,100,100,500,500,50,50,250.0,250,5,8 hours,1,0,1,0,0,1,0.5,1,0.0,1.0,0.0,0.0,5.0
steer_immediate_minus64,0.5,0.5,100,100,500,500,50,50,250.0,250,5,month,1,0,0,1,0,1,0.5,1,0.5,0.5,1.0,0.0,5.0
steer_immediate_minus64,0.5,0.5,100,100,500,500,50,50,250.0,250,5,tomorrow,1,0,1,0,0,1,0.5,1,0.0,1.0,0.0,0.0,5.0
steer_immediate_minus64,0.5,0.5,100,100,500,500,50,50,250.0,250,5,week,1,0,1,0,0,1,0.5,1,0.0,1.0,0.0,0.0,5.0
steer_immediate_minus64,0.5,0.5,100,100,500,500,50,50,250.0,250,5,year,1,1,0,0,0,1,0.5,1,1.0,0.0,0.0,0.0,5.0
steer_immediate_minus64,0.5,0.5,100,100,1000,1000,50,50,500.0,500,10,1 hour,1,0,1,0,0,1,0.5,1,0.0,1.0,0.0,0.0,10.0
steer_immediate_minus64,0.5,0.5,100,100,1000,1000,50,50,500.0,500,10,10 years,1,1,0,0,0,1,0.5,1,1.0,0.0,0.0,0.0,10.0
steer_immediate_minus64,0.5,0.5,100,100,1000,1000,50,50,500.0,500,10,2 days,1,0,1,0,0,1,0.5,1,0.0,1.0,0.0,0.0,10.0
steer_immediate_minus64,0.5,0.5,100,100,1000,1000,50,50,500.0,500,10,2 years,1,1,0,0,0,1,0.5,1,1.0,0.0,0.0,0.0,10.0
steer_immediate_minus64,0.5,0.5,100,100,1000,1000,50,50,500.0,500,10,3 months,1,0,1,0,0,1,0.5,1,0.0,1.0,0.0,0.0,10.0
steer_immediate_minus64,0.5,0.5,100,100,1000,1000,50,50,500.0,500,10,3 years,1,1,0,0,0,1,0.5,1,1.0,0.0,0.0,0.0,10.0
steer_immediate_minus64,0.5,0.5,100,100,1000,1000,50,50,500.0,500,10,5 years,1,1,0,0,0,1,0.5,1,1.0,0.0,0.0,0.0,10.0
steer_immediate_minus64,0.5,0.5,100,100,1000,1000,50,50,500.0,500,10,8 hours,1,0,1,0,0,1,0.5,1,0.0,1.0,0.0,0.0,10.0
steer_immediate_minus64,0.5,0.5,100,100,1000,1000,50,50,500.0,500,10,month,1,0,1,0,0,1,0.5,1,0.0,1.0,0.0,0.0,10.0
steer_immediate_minus64,0.5,0.5,100,100,1000,1000,50,50,500.0,500,10,tomorrow,1,0,1,0,0,1,0.5,1,0.0,1.0,0.0,0.0,10.0
steer_immediate_minus64,0.5,0.5,100,100,1000,1000,50,50,500.0,500,10,week,1,0,1,0,0,1,0.5,1,0.0,1.0,0.0,0.0,10.0
steer_immediate_minus64,0.5,0.5,100,100,1000,1000,50,50,500.0,500,10,year,1,1,0,0,0,1,0.5,1,1.0,0.0,0.0,0.0,10.0
steer_immediate_minus64,0.5,0.5,100,100,10000,10000,50,50,5000.0,5000,100,1 hour,1,0,1,0,0,1,0.5,1,0.0,1.0,0.0,0.0,100.0
steer_immediate_minus64,0.5,0.5,100,100,10000,10000,50,50,5000.0,5000,100,10 years,1,0,1,0,0,1,0.5,1,0.0,1.0,0.0,0.0,100.0
steer_immediate_minus64,0.5,0.5,100,100,10000,10000,50,50,5000.0,5000,100,2 days,1,0,1,0,0,1,0.5,1,0.0,1.0,0.0,0.0,100.0
steer_immediate_minus64,0.5,0.5,100,100,10000,10000,50,50,5000.0,5000,100,2 years,1,0,1,0,0,1,0.5,1,0.0,1.0,0.0,0.0,100.0
steer_immediate_minus64,0.5,0.5,100,100,10000,10000,50,50,5000.0,5000,100,3 months,1,0,1,0,0,1,0.5,1,0.0,1.0,0.0,0.0,100.0
steer_immediate_minus64,0.5,0.5,100,100,10000,10000,50,50,5000.0,5000,100,3 years,1,1,0,0,0,1,0.5,1,1.0,0.0,0.0,0.0,100.0
steer_immediate_minus64,0.5,0.5,100,100,10000,10000,50,50,5000.0,5000,100,5 years,1,0,1,0,0,1,0.5,1,0.0,1.0,0.0,0.0,100.0
steer_immediate_minus64,0.5,0.5,100,100,10000,10000,50,50,5000.0,5000,100,8 hours,1,0,1,0,0,1,0.5,1,0.0,1.0,0.0,0.0,100.0
steer_immediate_minus64,0.5,0.5,100,100,10000,10000,50,50,5000.0,5000,100,month,1,0,1,0,0,1,0.5,1,0.0,1.0,0.0,0.0,100.0
steer_immediate_minus64,0.5,0.5,100,100,10000,10000,50,50,5000.0,5000,100,tomorrow,1,0,1,0,0,1,0.5,1,0.0,1.0,0.0,0.0,100.0
steer_immediate_minus64,0.5,0.5,100,100,10000,10000,50,50,5000.0,5000,100,week,1,0,1,0,0,1,0.5,1,0.0,1.0,0.0,0.0,100.0
steer_immediate_minus64,0.5,0.5,100,100,10000,10000,50,50,5000.0,5000,100,year,1,0,1,0,0,1,0.5,1,0.0,1.0,0.0,0.0,100.0
steer_immediate_minus64,0.7,0.7,100,100,100,100,70,70,70.0,70,1,1 hour,1,1,0,0,0,1,0.7,1,1.0,0.0,0.0,0.0,1.0
steer_immediate_minus64,0.7,0.7,100,100,100,100,70,70,70.0,70,1,10 years,1,1,0,0,0,1,0.7,1,1.0,0.0,0.0,0.0,1.0
steer_immediate_minus64,0.7,0.7,100,100,100,100,70,70,70.0,70,1,2 days,1,1,0,0,0,1,0.7,1,1.0,0.0,0.0,0.0,1.0
steer_immediate_minus64,0.7,0.7,100,100,100,100,70,70,70.0,70,1,2 years,1,1,0,0,0,1,0.7,1,1.0,0.0,0.0,0.0,1.0
steer_immediate_minus64,0.7,0.7,100,100,100,100,70,70,70.0,70,1,3 months,1,1,0,0,0,1,0.7,1,1.0,0.0,0.0,0.0,1.0
steer_immediate_minus64,0.7,0.7,100,100,100,100,70,70,70.0,70,1,3 years,1,1,0,0,0,1,0.7,1,1.0,0.0,0.0,0.0,1.0
steer_immediate_minus64,0.7,0.7,100,100,100,100,70,70,70.0,70,1,5 years,1,1,0,0,0,1,0.7,1,1.0,0.0,0.0,0.0,1.0
steer_immediate_minus64,0.7,0.7,100,100,100,100,70,70,70.0,70,1,8 hours,1,1,0,0,0,1,0.7,1,1.0,0.0,0.0,0.0,1.0
steer_immediate_minus64,0.7,0.7,100,100,100,100,70,70,70.0,70,1,month,1,1,0,0,0,1,0.7,1,1.0,0.0,0.0,0.0,1.0
steer_immediate_minus64,0.7,0.7,100,100,100,100,70,70,70.0,70,1,tomorrow,1,1,0,0,0,1,0.7,1,1.0,0.0,0.0,0.0,1.0
steer_immediate_minus64,0.7,0.7,100,100,100,100,70,70,70.0,70,1,week,1,1,0,0,0,1,0.7,1,1.0,0.0,0.0,0.0,1.0
steer_immediate_minus64,0.7,0.7,100,100,100,100,70,70,70.0,70,1,year,1,1,0,0,0,1,0.7,1,1.0,0.0,0.0,0.0,1.0
steer_immediate_minus64,0.7,0.7,100,100,101,101,70,70,70.7,70.7,1.01,1 hour,1,1,0,0,0,1,0.7,1,1.0,0.0,0.0,0.0,1.01
steer_immediate_minus64,0.7,0.7,100,100,101,101,70,70,70.7,70.7,1.01,10 years,1,1,0,0,0,1,0.7,1,1.0,0.0,0.0,0.0,1.01
steer_immediate_minus64,0.7,0.7,100,100,101,101,70,70,70.7,70.7,1.01,2 days,1,1,0,0,0,1,0.7,1,1.0,0.0,0.0,0.0,1.01
steer_immediate_minus64,0.7,0.7,100,100,101,101,70,70,70.7,70.7,1.01,2 years,1,1,0,0,0,1,0.7,1,1.0,0.0,0.0,0.0,1.01
steer_immediate_minus64,0.7,0.7,100,100,101,101,70,70,70.7,70.7,1.01,3 months,1,1,0,0,0,1,0.7,1,1.0,0.0,0.0,0.0,1.01
steer_immediate_minus64,0.7,0.7,100,100,101,101,70,70,70.7,70.7,1.01,3 years,1,1,0,0,0,1,0.7,1,1.0,0.0,0.0,0.0,1.01
steer_immediate_minus64,0.7,0.7,100,100,101,101,70,70,70.7,70.7,1.01,5 years,1,1,0,0,0,1,0.7,1,1.0,0.0,0.0,0.0,1.01
steer_immediate_minus64,0.7,0.7,100,100,101,101,70,70,70.7,70.7,1.01,8 hours,1,1,0,0,0,1,0.7,1,1.0,0.0,0.0,0.0,1.01
steer_immediate_minus64,0.7,0.7,100,100,101,101,70,70,70.7,70.7,1.01,month,1,1,0,0,0,1,0.7,1,1.0,0.0,0.0,0.0,1.01
steer_immediate_minus64,0.7,0.7,100,100,101,101,70,70,70.7,70.7,1.01,tomorrow,1,1,0,0,0,1,0.7,1,1.0,0.0,0.0,0.0,1.01
steer_immediate_minus64,0.7,0.7,100,100,101,101,70,70,70.7,70.7,1.01,week,1,1,0,0,0,1,0.7,1,1.0,0.0,0.0,0.0,1.01
steer_immediate_minus64,0.7,0.7,100,100,101,101,70,70,70.7,70.7,1.01,year,1,1,0,0,0,1,0.7,1,1.0,0.0,0.0,0.0,1.01
steer_immediate_minus64,0.7,0.7,100,100,110,110,70,70,77.0,77,1.1,1 hour,1,1,0,0,0,1,0.7,1,1.0,0.0,0.0,0.0,1.1
steer_immediate_minus64,0.7,0.7,100,100,110,110,70,70,77.0,77,1.1,10 years,1,1,0,0,0,1,0.7,1,1.0,0.0,0.0,0.0,1.1
steer_immediate_minus64,0.7,0.7,100,100,110,110,70,70,77.0,77,1.1,2 days,1,1,0,0,0,1,0.7,1,1.0,0.0,0.0,0.0,1.1
steer_immediate_minus64,0.7,0.7,100,100,110,110,70,70,77.0,77,1.1,2 years,1,1,0,0,0,1,0.7,1,1.0,0.0,0.0,0.0,1.1
steer_immediate_minus64,0.7,0.7,100,100,110,110,70,70,77.0,77,1.1,3 months,1,1,0,0,0,1,0.7,1,1.0,0.0,0.0,0.0,1.1
steer_immediate_minus64,0.7,0.7,100,100,110,110,70,70,77.0,77,1.1,3 years,1,1,0,0,0,1,0.7,1,1.0,0.0,0.0,0.0,1.1
steer_immediate_minus64,0.7,0.7,100,100,110,110,70,70,77.0,77,1.1,5 years,1,1,0,0,0,1,0.7,1,1.0,0.0,0.0,0.0,1.1
steer_immediate_minus64,0.7,0.7,100,100,110,110,70,70,77.0,77,1.1,8 hours,1,1,0,0,0,1,0.7,1,1.0,0.0,0.0,0.0,1.1
steer_immediate_minus64,0.7,0.7,100,100,110,110,70,70,77.0,77,1.1,month,1,1,0,0,0,1,0.7,1,1.0,0.0,0.0,0.0,1.1
steer_immediate_minus64,0.7,0.7,100,100,110,110,70,70,77.0,77,1.1,tomorrow,1,1,0,0,0,1,0.7,1,1.0,0.0,0.0,0.0,1.1
steer_immediate_minus64,0.7,0.7,100,100,110,110,70,70,77.0,77,1.1,week,1,1,0,0,0,1,0.7,1,1.0,0.0,0.0,0.0,1.1
steer_immediate_minus64,0.7,0.7,100,100,110,110,70,70,77.0,77,1.1,year,1,1,0,0,0,1,0.7,1,1.0,0.0,0.0,0.0,1.1
steer_immediate_minus64,0.7,0.7,100,100,150,150,70,70,105.0,105,1.5,1 hour,1,1,0,0,0,1,0.7,1,1.0,0.0,0.0,0.0,1.5
steer_immediate_minus64,0.7,0.7,100,100,150,150,70,70,105.0,105,1.5,10 years,1,1,0,0,0,1,0.7,1,1.0,0.0,0.0,0.0,1.5
steer_immediate_minus64,0.7,0.7,100,100,150,150,70,70,105.0,105,1.5,2 days,1,0,1,0,0,1,0.7,1,0.0,1.0,0.0,0.0,1.5
steer_immediate_minus64,0.7,0.7,100,100,150,150,70,70,105.0,105,1.5,2 years,1,1,0,0,0,1,0.7,1,1.0,0.0,0.0,0.0,1.5
steer_immediate_minus64,0.7,0.7,100,100,150,150,70,70,105.0,105,1.5,3 months,1,1,0,0,0,1,0.7,1,1.0,0.0,0.0,0.0,1.5
steer_immediate_minus64,0.7,0.7,100,100,150,150,70,70,105.0,105,1.5,3 years,1,1,0,0,0,1,0.7,1,1.0,0.0,0.0,0.0,1.5
steer_immediate_minus64,0.7,0.7,100,100,150,150,70,70,105.0,105,1.5,5 years,1,1,0,0,0,1,0.7,1,1.0,0.0,0.0,0.0,1.5
steer_immediate_minus64,0.7,0.7,100,100,150,150,70,70,105.0,105,1.5,8 hours,1,1,0,0,0,1,0.7,1,1.0,0.0,0.0,0.0,1.5
steer_immediate_minus64,0.7,0.7,100,100,150,150,70,70,105.0,105,1.5,month,1,1,0,0,0,1,0.7,1,1.0,0.0,0.0,0.0,1.5
steer_immediate_minus64,0.7,0.7,100,100,150,150,70,70,105.0,105,1.5,tomorrow,1,1,0,0,0,1,0.7,1,1.0,0.0,0.0,0.0,1.5
steer_immediate_minus64,0.7,0.7,100,100,150,150,70,70,105.0,105,1.5,week,1,1,0,0,0,1,0.7,1,1.0,0.0,0.0,0.0,1.5
steer_immediate_minus64,0.7,0.7,100,100,150,150,70,70,105.0,105,1.5,year,1,1,0,0,0,1,0.7,1,1.0,0.0,0.0,0.0,1.5
steer_immediate_minus64,0.7,0.7,100,100,200,200,70,70,140.0,140,2,1 hour,1,1,0,0,0,1,0.7,1,1.0,0.0,0.0,0.0,2.0
steer_immediate_minus64,0.7,0.7,100,100,200,200,70,70,140.0,140,2,10 years,1,1,0,0,0,1,0.7,1,1.0,0.0,0.0,0.0,2.0
steer_immediate_minus64,0.7,0.7,100,100,200,200,70,70,140.0,140,2,2 days,1,0,1,0,0,1,0.7,1,0.0,1.0,0.0,0.0,2.0
steer_immediate_minus64,0.7,0.7,100,100,200,200,70,70,140.0,140,2,2 years,1,1,0,0,0,1,0.7,1,1.0,0.0,0.0,0.0,2.0
steer_immediate_minus64,0.7,0.7,100,100,200,200,70,70,140.0,140,2,3 months,1,1,0,0,0,1,0.7,1,1.0,0.0,0.0,0.0,2.0
steer_immediate_minus64,0.7,0.7,100,100,200,200,70,70,140.0,140,2,3 years,1,1,0,0,0,1,0.7,1,1.0,0.0,0.0,0.0,2.0
steer_immediate_minus64,0.7,0.7,100,100,200,200,70,70,140.0,140,2,5 years,1,1,0,0,0,1,0.7,1,1.0,0.0,0.0,0.0,2.0
steer_immediate_minus64,0.7,0.7,100,100,200,200,70,70,140.0,140,2,8 hours,1,1,0,0,0,1,0.7,1,1.0,0.0,0.0,0.0,2.0
steer_immediate_minus64,0.7,0.7,100,100,200,200,70,70,140.0,140,2,month,1,1,0,0,0,1,0.7,1,1.0,0.0,0.0,0.0,2.0
steer_immediate_minus64,0.7,0.7,100,100,200,200,70,70,140.0,140,2,tomorrow,1,0,1,0,0,1,0.7,1,0.0,1.0,0.0,0.0,2.0
steer_immediate_minus64,0.7,0.7,100,100,200,200,70,70,140.0,140,2,week,1,1,0,0,0,1,0.7,1,1.0,0.0,0.0,0.0,2.0
steer_immediate_minus64,0.7,0.7,100,100,200,200,70,70,140.0,140,2,year,1,1,0,0,0,1,0.7,1,1.0,0.0,0.0,0.0,2.0
steer_immediate_minus64,0.7,0.7,100,100,500,500,70,70,350.0,350,5,1 hour,1,0,1,0,0,1,0.7,1,0.0,1.0,0.0,0.0,5.0
steer_immediate_minus64,0.7,0.7,100,100,500,500,70,70,350.0,350,5,10 years,1,0,1,0,0,1,0.7,1,0.0,1.0,0.0,0.0,5.0
steer_immediate_minus64,0.7,0.7,100,100,500,500,70,70,350.0,350,5,2 days,1,0,1,0,0,1,0.7,1,0.0,1.0,0.0,0.0,5.0
steer_immediate_minus64,0.7,0.7,100,100,500,500,70,70,350.0,350,5,2 years,1,0,1,0,0,1,0.7,1,0.0,1.0,0.0,0.0,5.0
steer_immediate_minus64,0.7,0.7,100,100,500,500,70,70,350.0,350,5,3 months,1,1,0,0,0,1,0.7,1,1.0,0.0,0.0,0.0,5.0
steer_immediate_minus64,0.7,0.7,100,100,500,500,70,70,350.0,350,5,3 years,1,1,0,0,0,1,0.7,1,1.0,0.0,0.0,0.0,5.0
steer_immediate_minus64,0.7,0.7,100,100,500,500,70,70,350.0,350,5,5 years,1,1,0,0,0,1,0.7,1,1.0,0.0,0.0,0.0,5.0
steer_immediate_minus64,0.7,0.7,100,100,500,500,70,70,350.0,350,5,8 hours,1,1,0,0,0,1,0.7,1,1.0,0.0,0.0,0.0,5.0
steer_immediate_minus64,0.7,0.7,100,100,500,500,70,70,350.0,350,5,month,1,1,0,0,0,1,0.7,1,1.0,0.0,0.0,0.0,5.0
steer_immediate_minus64,0.7,0.7,100,100,500,500,70,70,350.0,350,5,tomorrow,1,0,1,0,0,1,0.7,1,0.0,1.0,0.0,0.0,5.0
steer_immediate_minus64,0.7,0.7,100,100,500,500,70,70,350.0,350,5,week,1,1,0,0,0,1,0.7,1,1.0,0.0,0.0,0.0,5.0
steer_immediate_minus64,0.7,0.7,100,100,500,500,70,70,350.0,350,5,year,1,1,0,0,0,1,0.7,1,1.0,0.0,0.0,0.0,5.0
steer_immediate_minus64,0.7,0.7,100,100,1000,1000,70,70,700.0,700,10,1 hour,1,0,1,0,0,1,0.7,1,0.0,1.0,0.0,0.0,10.0
steer_immediate_minus64,0.7,0.7,100,100,1000,1000,70,70,700.0,700,10,10 years,1,0,1,0,0,1,0.7,1,0.0,1.0,0.0,0.0,10.0
steer_immediate_minus64,0.7,0.7,100,100,1000,1000,70,70,700.0,700,10,2 days,1,0,1,0,0,1,0.7,1,0.0,1.0,0.0,0.0,10.0
steer_immediate_minus64,0.7,0.7,100,100,1000,1000,70,70,700.0,700,10,2 years,1,0,1,0,0,1,0.7,1,0.0,1.0,0.0,0.0,10.0
steer_immediate_minus64,0.7,0.7,100,100,1000,1000,70,70,700.0,700,10,3 months,1,0,1,0,0,1,0.7,1,0.0,1.0,0.0,0.0,10.0
steer_immediate_minus64,0.7,0.7,100,100,1000,1000,70,70,700.0,700,10,3 years,1,1,0,0,0,1,0.7,1,1.0,0.0,0.0,0.0,10.0
steer_immediate_minus64,0.7,0.7,100,100,1000,1000,70,70,700.0,700,10,5 years,1,1,0,0,0,1,0.7,1,1.0,0.0,0.0,0.0,10.0
steer_immediate_minus64,0.7,0.7,100,100,1000,1000,70,70,700.0,700,10,8 hours,1,0,1,0,0,1,0.7,1,0.0,1.0,0.0,0.0,10.0
steer_immediate_minus64,0.7,0.7,100,100,1000,1000,70,70,700.0,700,10,month,1,0,1,0,0,1,0.7,1,0.0,1.0,0.0,0.0,10.0
steer_immediate_minus64,0.7,0.7,100,100,1000,1000,70,70,700.0,700,10,tomorrow,1,0,1,0,0,1,0.7,1,0.0,1.0,0.0,0.0,10.0
steer_immediate_minus64,0.7,0.7,100,100,1000,1000,70,70,700.0,700,10,week,1,0,1,0,0,1,0.7,1,0.0,1.0,0.0,0.0,10.0
steer_immediate_minus64,0.7,0.7,100,100,1000,1000,70,70,700.0,700,10,year,1,0,1,0,0,1,0.7,1,0.0,1.0,0.0,0.0,10.0
steer_immediate_minus64,0.7,0.7,100,100,10000,10000,70,70,7000.0,7000,100,1 hour,1,0,1,0,0,1,0.7,1,0.0,1.0,0.0,0.0,100.0
steer_immediate_minus64,0.7,0.7,100,100,10000,10000,70,70,7000.0,7000,100,10 years,1,0,1,0,0,1,0.7,1,0.0,1.0,0.0,0.0,100.0
steer_immediate_minus64,0.7,0.7,100,100,10000,10000,70,70,7000.0,7000,100,2 days,1,0,1,0,0,1,0.7,1,0.0,1.0,0.0,0.0,100.0
steer_immediate_minus64,0.7,0.7,100,100,10000,10000,70,70,7000.0,7000,100,2 years,1,0,1,0,0,1,0.7,1,0.0,1.0,0.0,0.0,100.0
steer_immediate_minus64,0.7,0.7,100,100,10000,10000,70,70,7000.0,7000,100,3 months,1,0,1,0,0,1,0.7,1,0.0,1.0,0.0,0.0,100.0
steer_immediate_minus64,0.7,0.7,100,100,10000,10000,70,70,7000.0,7000,100,3 years,1,0,1,0,0,1,0.7,1,0.0,1.0,0.0,0.0,100.0
steer_immediate_minus64,0.7,0.7,100,100,10000,10000,70,70,7000.0,7000,100,5 years,1,0,1,0,0,1,0.7,1,0.0,1.0,0.0,0.0,100.0
steer_immediate_minus64,0.7,0.7,100,100,10000,10000,70,70,7000.0,7000,100,8 hours,1,0,1,0,0,1,0.7,1,0.0,1.0,0.0,0.0,100.0
steer_immediate_minus64,0.7,0.7,100,100,10000,10000,70,70,7000.0,7000,100,month,1,0,1,0,0,1,0.7,1,0.0,1.0,0.0,0.0,100.0
steer_immediate_minus64,0.7,0.7,100,100,10000,10000,70,70,7000.0,7000,100,tomorrow,1,0,1,0,0,1,0.7,1,0.0,1.0,0.0,0.0,100.0
steer_immediate_minus64,0.7,0.7,100,100,10000,10000,70,70,7000.0,7000,100,week,1,0,1,0,0,1,0.7,1,0.0,1.0,0.0,0.0,100.0
steer_immediate_minus64,0.7,0.7,100,100,10000,10000,70,70,7000.0,7000,100,year,1,0,1,0,0,1,0.7,1,0.0,1.0,0.0,0.0,100.0
steer_immediate_minus64,1.0,1,100,100,100,100,100,100,100.0,100,1,1 hour,1,1,0,0,0,1,1,1,1.0,0.0,0.0,0.0,1.0
steer_immediate_minus64,1.0,1,100,100,100,100,100,100,100.0,100,1,10 years,1,1,0,0,0,1,1,1,1.0,0.0,0.0,0.0,1.0
steer_immediate_minus64,1.0,1,100,100,100,100,100,100,100.0,100,1,2 days,1,1,0,0,0,1,1,1,1.0,0.0,0.0,0.0,1.0
steer_immediate_minus64,1.0,1,100,100,100,100,100,100,100.0,100,1,2 years,1,1,0,0,0,1,1,1,1.0,0.0,0.0,0.0,1.0
steer_immediate_minus64,1.0,1,100,100,100,100,100,100,100.0,100,1,3 months,1,1,0,0,0,1,1,1,1.0,0.0,0.0,0.0,1.0
steer_immediate_minus64,1.0,1,100,100,100,100,100,100,100.0,100,1,3 years,1,1,0,0,0,1,1,1,1.0,0.0,0.0,0.0,1.0
steer_immediate_minus64,1.0,1,100,100,100,100,100,100,100.0,100,1,5 years,1,1,0,0,0,1,1,1,1.0,0.0,0.0,0.0,1.0
steer_immediate_minus64,1.0,1,100,100,100,100,100,100,100.0,100,1,8 hours,1,1,0,0,0,1,1,1,1.0,0.0,0.0,0.0,1.0
steer_immediate_minus64,1.0,1,100,100,100,100,100,100,100.0,100,1,month,1,1,0,0,0,1,1,1,1.0,0.0,0.0,0.0,1.0
steer_immediate_minus64,1.0,1,100,100,100,100,100,100,100.0,100,1,tomorrow,1,1,0,0,0,1,1,1,1.0,0.0,0.0,0.0,1.0
steer_immediate_minus64,1.0,1,100,100,100,100,100,100,100.0,100,1,week,1,1,0,0,0,1,1,1,1.0,0.0,0.0,0.0,1.0
steer_immediate_minus64,1.0,1,100,100,100,100,100,100,100.0,100,1,year,1,1,0,0,0,1,1,1,1.0,0.0,0.0,0.0,1.0
steer_immediate_minus64,1.0,1,100,100,101,101,100,100,101.0,101,1.01,1 hour,1,1,0,0,0,1,1,1,1.0,0.0,0.0,0.0,1.01
steer_immediate_minus64,1.0,1,100,100,101,101,100,100,101.0,101,1.01,10 years,1,1,0,0,0,1,1,1,1.0,0.0,0.0,0.0,1.01
steer_immediate_minus64,1.0,1,100,100,101,101,100,100,101.0,101,1.01,2 days,1,1,0,0,0,1,1,1,1.0,0.0,0.0,0.0,1.01
steer_immediate_minus64,1.0,1,100,100,101,101,100,100,101.0,101,1.01,2 years,1,1,0,0,0,1,1,1,1.0,0.0,0.0,0.0,1.01
steer_immediate_minus64,1.0,1,100,100,101,101,100,100,101.0,101,1.01,3 months,1,1,0,0,0,1,1,1,1.0,0.0,0.0,0.0,1.01
steer_immediate_minus64,1.0,1,100,100,101,101,100,100,101.0,101,1.01,3 years,1,1,0,0,0,1,1,1,1.0,0.0,0.0,0.0,1.01
steer_immediate_minus64,1.0,1,100,100,101,101,100,100,101.0,101,1.01,5 years,1,1,0,0,0,1,1,1,1.0,0.0,0.0,0.0,1.01
steer_immediate_minus64,1.0,1,100,100,101,101,100,100,101.0,101,1.01,8 hours,1,1,0,0,0,1,1,1,1.0,0.0,0.0,0.0,1.01
steer_immediate_minus64,1.0,1,100,100,101,101,100,100,101.0,101,1.01,month,1,1,0,0,0,1,1,1,1.0,0.0,0.0,0.0,1.01
steer_immediate_minus64,1.0,1,100,100,101,101,100,100,101.0,101,1.01,tomorrow,1,1,0,0,0,1,1,1,1.0,0.0,0.0,0.0,1.01
steer_immediate_minus64,1.0,1,100,100,101,101,100,100,101.0,101,1.01,week,1,1,0,0,0,1,1,1,1.0,0.0,0.0,0.0,1.01
steer_immediate_minus64,1.0,1,100,100,101,101,100,100,101.0,101,1.01,year,1,1,0,0,0,1,1,1,1.0,0.0,0.0,0.0,1.01
steer_immediate_minus64,1.0,1,100,100,110,110,100,100,110.0,110,1.1,1 hour,1,1,0,0,0,1,1,1,1.0,0.0,0.0,0.0,1.1
steer_immediate_minus64,1.0,1,100,100,110,110,100,100,110.0,110,1.1,10 years,1,1,0,0,0,1,1,1,1.0,0.0,0.0,0.0,1.1
steer_immediate_minus64,1.0,1,100,100,110,110,100,100,110.0,110,1.1,2 days,1,1,0,0,0,1,1,1,1.0,0.0,0.0,0.0,1.1
steer_immediate_minus64,1.0,1,100,100,110,110,100,100,110.0,110,1.1,2 years,1,1,0,0,0,1,1,1,1.0,0.0,0.0,0.0,1.1
steer_immediate_minus64,1.0,1,100,100,110,110,100,100,110.0,110,1.1,3 months,1,1,0,0,0,1,1,1,1.0,0.0,0.0,0.0,1.1
steer_immediate_minus64,1.0,1,100,100,110,110,100,100,110.0,110,1.1,3 years,1,1,0,0,0,1,1,1,1.0,0.0,0.0,0.0,1.1
steer_immediate_minus64,1.0,1,100,100,110,110,100,100,110.0,110,1.1,5 years,1,1,0,0,0,1,1,1,1.0,0.0,0.0,0.0,1.1
steer_immediate_minus64,1.0,1,100,100,110,110,100,100,110.0,110,1.1,8 hours,1,1,0,0,0,1,1,1,1.0,0.0,0.0,0.0,1.1
steer_immediate_minus64,1.0,1,100,100,110,110,100,100,110.0,110,1.1,month,1,1,0,0,0,1,1,1,1.0,0.0,0.0,0.0,1.1
steer_immediate_minus64,1.0,1,100,100,110,110,100,100,110.0,110,1.1,tomorrow,1,1,0,0,0,1,1,1,1.0,0.0,0.0,0.0,1.1
steer_immediate_minus64,1.0,1,100,100,110,110,100,100,110.0,110,1.1,week,1,1,0,0,0,1,1,1,1.0,0.0,0.0,0.0,1.1
steer_immediate_minus64,1.0,1,100,100,110,110,100,100,110.0,110,1.1,year,1,1,0,0,0,1,1,1,1.0,0.0,0.0,0.0,1.1
steer_immediate_minus64,1.0,1,100,100,150,150,100,100,150.0,150,1.5,1 hour,1,1,0,0,0,1,1,1,1.0,0.0,0.0,0.0,1.5
steer_immediate_minus64,1.0,1,100,100,150,150,100,100,150.0,150,1.5,10 years,1,1,0,0,0,1,1,1,1.0,0.0,0.0,0.0,1.5
steer_immediate_minus64,1.0,1,100,100,150,150,100,100,150.0,150,1.5,2 days,1,1,0,0,0,1,1,1,1.0,0.0,0.0,0.0,1.5
steer_immediate_minus64,1.0,1,100,100,150,150,100,100,150.0,150,1.5,2 years,1,1,0,0,0,1,1,1,1.0,0.0,0.0,0.0,1.5
steer_immediate_minus64,1.0,1,100,100,150,150,100,100,150.0,150,1.5,3 months,1,1,0,0,0,1,1,1,1.0,0.0,0.0,0.0,1.5
steer_immediate_minus64,1.0,1,100,100,150,150,100,100,150.0,150,1.5,3 years,1,1,0,0,0,1,1,1,1.0,0.0,0.0,0.0,1.5
steer_immediate_minus64,1.0,1,100,100,150,150,100,100,150.0,150,1.5,5 years,1,1,0,0,0,1,1,1,1.0,0.0,0.0,0.0,1.5
steer_immediate_minus64,1.0,1,100,100,150,150,100,100,150.0,150,1.5,8 hours,1,1,0,0,0,1,1,1,1.0,0.0,0.0,0.0,1.5
steer_immediate_minus64,1.0,1,100,100,150,150,100,100,150.0,150,1.5,month,1,1,0,0,0,1,1,1,1.0,0.0,0.0,0.0,1.5
steer_immediate_minus64,1.0,1,100,100,150,150,100,100,150.0,150,1.5,tomorrow,1,0,1,0,0,1,1,1,0.0,1.0,0.0,0.0,1.5
steer_immediate_minus64,1.0,1,100,100,150,150,100,100,150.0,150,1.5,week,1,1,0,0,0,1,1,1,1.0,0.0,0.0,0.0,1.5
steer_immediate_minus64,1.0,1,100,100,150,150,100,100,150.0,150,1.5,year,1,1,0,0,0,1,1,1,1.0,0.0,0.0,0.0,1.5
steer_immediate_minus64,1.0,1,100,100,200,200,100,100,200.0,200,2,1 hour,1,1,0,0,0,1,1,1,1.0,0.0,0.0,0.0,2.0
steer_immediate_minus64,1.0,1,100,100,200,200,100,100,200.0,200,2,10 years,1,1,0,0,0,1,1,1,1.0,0.0,0.0,0.0,2.0
steer_immediate_minus64,1.0,1,100,100,200,200,100,100,200.0,200,2,2 days,1,0,1,0,0,1,1,1,0.0,1.0,0.0,0.0,2.0
steer_immediate_minus64,1.0,1,100,100,200,200,100,100,200.0,200,2,2 years,1,1,0,0,0,1,1,1,1.0,0.0,0.0,0.0,2.0
steer_immediate_minus64,1.0,1,100,100,200,200,100,100,200.0,200,2,3 months,1,1,0,0,0,1,1,1,1.0,0.0,0.0,0.0,2.0
steer_immediate_minus64,1.0,1,100,100,200,200,100,100,200.0,200,2,3 years,1,1,0,0,0,1,1,1,1.0,0.0,0.0,0.0,2.0
steer_immediate_minus64,1.0,1,100,100,200,200,100,100,200.0,200,2,5 years,1,1,0,0,0,1,1,1,1.0,0.0,0.0,0.0,2.0
steer_immediate_minus64,1.0,1,100,100,200,200,100,100,200.0,200,2,8 hours,1,1,0,0,0,1,1,1,1.0,0.0,0.0,0.0,2.0
steer_immediate_minus64,1.0,1,100,100,200,200,100,100,200.0,200,2,month,1,1,0,0,0,1,1,1,1.0,0.0,0.0,0.0,2.0
steer_immediate_minus64,1.0,1,100,100,200,200,100,100,200.0,200,2,tomorrow,1,0,1,0,0,1,1,1,0.0,1.0,0.0,0.0,2.0
steer_immediate_minus64,1.0,1,100,100,200,200,100,100,200.0,200,2,week,1,1,0,0,0,1,1,1,1.0,0.0,0.0,0.0,2.0
steer_immediate_minus64,1.0,1,100,100,200,200,100,100,200.0,200,2,year,1,1,0,0,0,1,1,1,1.0,0.0,0.0,0.0,2.0
steer_immediate_minus64,1.0,1,100,100,500,500,100,100,500.0,500,5,1 hour,1,0,1,0,0,1,1,1,0.0,1.0,0.0,0.0,5.0
steer_immediate_minus64,1.0,1,100,100,500,500,100,100,500.0,500,5,10 years,1,1,0,0,0,1,1,1,1.0,0.0,0.0,0.0,5.0
steer_immediate_minus64,1.0,1,100,100,500,500,100,100,500.0,500,5,2 days,1,0,1,0,0,1,1,1,0.0,1.0,0.0,0.0,5.0
steer_immediate_minus64,1.0,1,100,100,500,500,100,100,500.0,500,5,2 years,1,0,1,0,0,1,1,1,0.0,1.0,0.0,0.0,5.0
steer_immediate_minus64,1.0,1,100,100,500,500,100,100,500.0,500,5,3 months,1,0,1,0,0,1,1,1,0.0,1.0,0.0,0.0,5.0
steer_immediate_minus64,1.0,1,100,100,500,500,100,100,500.0,500,5,3 years,1,0,1,0,0,1,1,1,0.0,1.0,0.0,0.0,5.0
steer_immediate_minus64,1.0,1,100,100,500,500,100,100,500.0,500,5,5 years,1,0,1,0,0,1,1,1,0.0,1.0,0.0,0.0,5.0
steer_immediate_minus64,1.0,1,100,100,500,500,100,100,500.0,500,5,8 hours,1,0,1,0,0,1,1,1,0.0,1.0,0.0,0.0,5.0
steer_immediate_minus64,1.0,1,100,100,500,500,100,100,500.0,500,5,month,1,1,0,0,0,1,1,1,1.0,0.0,0.0,0.0,5.0
steer_immediate_minus64,1.0,1,100,100,500,500,100,100,500.0,500,5,tomorrow,1,0,1,0,0,1,1,1,0.0,1.0,0.0,0.0,5.0
steer_immediate_minus64,1.0,1,100,100,500,500,100,100,500.0,500,5,week,1,1,0,0,0,1,1,1,1.0,0.0,0.0,0.0,5.0
steer_immediate_minus64,1.0,1,100,100,500,500,100,100,500.0,500,5,year,1,1,0,0,0,1,1,1,1.0,0.0,0.0,0.0,5.0
steer_immediate_minus64,1.0,1,100,100,1000,1000,100,100,1000.0,1000,10,1 hour,1,0,1,0,0,1,1,1,0.0,1.0,0.0,0.0,10.0
steer_immediate_minus64,1.0,1,100,100,1000,1000,100,100,1000.0,1000,10,10 years,1,1,0,0,0,1,1,1,1.0,0.0,0.0,0.0,10.0
steer_immediate_minus64,1.0,1,100,100,1000,1000,100,100,1000.0,1000,10,2 days,1,0,1,0,0,1,1,1,0.0,1.0,0.0,0.0,10.0
steer_immediate_minus64,1.0,1,100,100,1000,1000,100,100,1000.0,1000,10,2 years,1,0,1,0,0,1,1,1,0.0,1.0,0.0,0.0,10.0
steer_immediate_minus64,1.0,1,100,100,1000,1000,100,100,1000.0,1000,10,3 months,1,0,1,0,0,1,1,1,0.0,1.0,0.0,0.0,10.0
steer_immediate_minus64,1.0,1,100,100,1000,1000,100,100,1000.0,1000,10,3 years,1,1,0,0,0,1,1,1,1.0,0.0,0.0,0.0,10.0
steer_immediate_minus64,1.0,1,100,100,1000,1000,100,100,1000.0,1000,10,5 years,1,1,0,0,0,1,1,1,1.0,0.0,0.0,0.0,10.0
steer_immediate_minus64,1.0,1,100,100,1000,1000,100,100,1000.0,1000,10,8 hours,1,0,1,0,0,1,1,1,0.0,1.0,0.0,0.0,10.0
steer_immediate_minus64,1.0,1,100,100,1000,1000,100,100,1000.0,1000,10,month,1,0,1,0,0,1,1,1,0.0,1.0,0.0,0.0,10.0
steer_immediate_minus64,1.0,1,100,100,1000,1000,100,100,1000.0,1000,10,tomorrow,1,0,1,0,0,1,1,1,0.0,1.0,0.0,0.0,10.0
steer_immediate_minus64,1.0,1,100,100,1000,1000,100,100,1000.0,1000,10,week,1,0,1,0,0,1,1,1,0.0,1.0,0.0,0.0,10.0
steer_immediate_minus64,1.0,1,100,100,1000,1000,100,100,1000.0,1000,10,year,1,1,0,0,0,1,1,1,1.0,0.0,0.0,0.0,10.0
steer_immediate_minus64,1.0,1,100,100,10000,10000,100,100,10000.0,10000,100,1 hour,1,0,1,0,0,1,1,1,0.0,1.0,0.0,0.0,100.0
steer_immediate_minus64,1.0,1,100,100,10000,10000,100,100,10000.0,10000,100,10 years,1,1,0,0,0,1,1,1,1.0,0.0,0.0,0.0,100.0
steer_immediate_minus64,1.0,1,100,100,10000,10000,100,100,10000.0,10000,100,2 days,1,0,1,0,0,1,1,1,0.0,1.0,0.0,0.0,100.0
steer_immediate_minus64,1.0,1,100,100,10000,10000,100,100,10000.0,10000,100,2 years,1,0,1,0,0,1,1,1,0.0,1.0,0.0,0.0,100.0
steer_immediate_minus64,1.0,1,100,100,10000,10000,100,100,10000.0,10000,100,3 months,1,0,1,0,0,1,1,1,0.0,1.0,0.0,0.0,100.0
steer_immediate_minus64,1.0,1,100,100,10000,10000,100,100,10000.0,10000,100,3 years,1,0,1,0,0,1,1,1,0.0,1.0,0.0,0.0,100.0
steer_immediate_minus64,1.0,1,100,100,10000,10000,100,100,10000.0,10000,100,5 years,1,1,0,0,0,1,1,1,1.0,0.0,0.0,0.0,100.0
steer_immediate_minus64,1.0,1,100,100,10000,10000,100,100,10000.0,10000,100,8 hours,1,0,1,0,0,1,1,1,0.0,1.0,0.0,0.0,100.0
steer_immediate_minus64,1.0,1,100,100,10000,10000,100,100,10000.0,10000,100,month,1,0,1,0,0,1,1,1,0.0,1.0,0.0,0.0,100.0
steer_immediate_minus64,1.0,1,100,100,10000,10000,100,100,10000.0,10000,100,tomorrow,1,0,1,0,0,1,1,1,0.0,1.0,0.0,0.0,100.0
steer_immediate_minus64,1.0,1,100,100,10000,10000,100,100,10000.0,10000,100,week,1,0,1,0,0,1,1,1,0.0,1.0,0.0,0.0,100.0
steer_immediate_minus64,1.0,1,100,100,10000,10000,100,100,10000.0,10000,100,year,1,0,1,0,0,1,1,1,0.0,1.0,0.0,0.0,100.0
steer_immediate_minus64,1.4,1.4,100,100,100,100,140,140,140.0,140,1,1 hour,1,1,0,0,0,1,1.4,1,1.0,0.0,0.0,0.0,1.0
steer_immediate_minus64,1.4,1.4,100,100,100,100,140,140,140.0,140,1,10 years,1,1,0,0,0,1,1.4,1,1.0,0.0,0.0,0.0,1.0
steer_immediate_minus64,1.4,1.4,100,100,100,100,140,140,140.0,140,1,2 days,1,1,0,0,0,1,1.4,1,1.0,0.0,0.0,0.0,1.0
steer_immediate_minus64,1.4,1.4,100,100,100,100,140,140,140.0,140,1,2 years,1,1,0,0,0,1,1.4,1,1.0,0.0,0.0,0.0,1.0
steer_immediate_minus64,1.4,1.4,100,100,100,100,140,140,140.0,140,1,3 months,1,1,0,0,0,1,1.4,1,1.0,0.0,0.0,0.0,1.0
steer_immediate_minus64,1.4,1.4,100,100,100,100,140,140,140.0,140,1,3 years,1,1,0,0,0,1,1.4,1,1.0,0.0,0.0,0.0,1.0
steer_immediate_minus64,1.4,1.4,100,100,100,100,140,140,140.0,140,1,5 years,1,1,0,0,0,1,1.4,1,1.0,0.0,0.0,0.0,1.0
steer_immediate_minus64,1.4,1.4,100,100,100,100,140,140,140.0,140,1,8 hours,1,1,0,0,0,1,1.4,1,1.0,0.0,0.0,0.0,1.0
steer_immediate_minus64,1.4,1.4,100,100,100,100,140,140,140.0,140,1,month,1,1,0,0,0,1,1.4,1,1.0,0.0,0.0,0.0,1.0
steer_immediate_minus64,1.4,1.4,100,100,100,100,140,140,140.0,140,1,tomorrow,1,1,0,0,0,1,1.4,1,1.0,0.0,0.0,0.0,1.0
steer_immediate_minus64,1.4,1.4,100,100,100,100,140,140,140.0,140,1,week,1,1,0,0,0,1,1.4,1,1.0,0.0,0.0,0.0,1.0
steer_immediate_minus64,1.4,1.4,100,100,100,100,140,140,140.0,140,1,year,1,1,0,0,0,1,1.4,1,1.0,0.0,0.0,0.0,1.0
steer_immediate_minus64,1.4,1.4,100,100,101,101,140,140,141.4,141.4,1.01,1 hour,1,1,0,0,0,1,1.4,1,1.0,0.0,0.0,0.0,1.01
steer_immediate_minus64,1.4,1.4,100,100,101,101,140,140,141.4,141.4,1.01,10 years,1,1,0,0,0,1,1.4,1,1.0,0.0,0.0,0.0,1.01
steer_immediate_minus64,1.4,1.4,100,100,101,101,140,140,141.4,141.4,1.01,2 days,1,1,0,0,0,1,1.4,1,1.0,0.0,0.0,0.0,1.01
steer_immediate_minus64,1.4,1.4,100,100,101,101,140,140,141.4,141.4,1.01,2 years,1,1,0,0,0,1,1.4,1,1.0,0.0,0.0,0.0,1.01
steer_immediate_minus64,1.4,1.4,100,100,101,101,140,140,141.4,141.4,1.01,3 months,1,1,0,0,0,1,1.4,1,1.0,0.0,0.0,0.0,1.01
steer_immediate_minus64,1.4,1.4,100,100,101,101,140,140,141.4,141.4,1.01,3 years,1,1,0,0,0,1,1.4,1,1.0,0.0,0.0,0.0,1.01
steer_immediate_minus64,1.4,1.4,100,100,101,101,140,140,141.4,141.4,1.01,5 years,1,1,0,0,0,1,1.4,1,1.0,0.0,0.0,0.0,1.01
steer_immediate_minus64,1.4,1.4,100,100,101,101,140,140,141.4,141.4,1.01,8 hours,1,1,0,0,0,1,1.4,1,1.0,0.0,0.0,0.0,1.01
steer_immediate_minus64,1.4,1.4,100,100,101,101,140,140,141.4,141.4,1.01,month,1,1,0,0,0,1,1.4,1,1.0,0.0,0.0,0.0,1.01
steer_immediate_minus64,1.4,1.4,100,100,101,101,140,140,141.4,141.4,1.01,tomorrow,1,1,0,0,0,1,1.4,1,1.0,0.0,0.0,0.0,1.01
steer_immediate_minus64,1.4,1.4,100,100,101,101,140,140,141.4,141.4,1.01,week,1,1,0,0,0,1,1.4,1,1.0,0.0,0.0,0.0,1.01
steer_immediate_minus64,1.4,1.4,100,100,101,101,140,140,141.4,141.4,1.01,year,1,1,0,0,0,1,1.4,1,1.0,0.0,0.0,0.0,1.01
steer_immediate_minus64,1.4,1.4,100,100,110,110,140,140,154.0,154,1.1,1 hour,1,1,0,0,0,1,1.4,1,1.0,0.0,0.0,0.0,1.1
steer_immediate_minus64,1.4,1.4,100,100,110,110,140,140,154.0,154,1.1,10 years,1,1,0,0,0,1,1.4,1,1.0,0.0,0.0,0.0,1.1
steer_immediate_minus64,1.4,1.4,100,100,110,110,140,140,154.0,154,1.1,2 days,1,0,1,0,0,1,1.4,1,0.0,1.0,0.0,0.0,1.1
steer_immediate_minus64,1.4,1.4,100,100,110,110,140,140,154.0,154,1.1,2 years,1,1,0,0,0,1,1.4,1,1.0,0.0,0.0,0.0,1.1
steer_immediate_minus64,1.4,1.4,100,100,110,110,140,140,154.0,154,1.1,3 months,1,1,0,0,0,1,1.4,1,1.0,0.0,0.0,0.0,1.1
steer_immediate_minus64,1.4,1.4,100,100,110,110,140,140,154.0,154,1.1,3 years,1,1,0,0,0,1,1.4,1,1.0,0.0,0.0,0.0,1.1
steer_immediate_minus64,1.4,1.4,100,100,110,110,140,140,154.0,154,1.1,5 years,1,1,0,0,0,1,1.4,1,1.0,0.0,0.0,0.0,1.1
steer_immediate_minus64,1.4,1.4,100,100,110,110,140,140,154.0,154,1.1,8 hours,1,1,0,0,0,1,1.4,1,1.0,0.0,0.0,0.0,1.1
steer_immediate_minus64,1.4,1.4,100,100,110,110,140,140,154.0,154,1.1,month,1,1,0,0,0,1,1.4,1,1.0,0.0,0.0,0.0,1.1
steer_immediate_minus64,1.4,1.4,100,100,110,110,140,140,154.0,154,1.1,tomorrow,1,1,0,0,0,1,1.4,1,1.0,0.0,0.0,0.0,1.1
steer_immediate_minus64,1.4,1.4,100,100,110,110,140,140,154.0,154,1.1,week,1,1,0,0,0,1,1.4,1,1.0,0.0,0.0,0.0,1.1
steer_immediate_minus64,1.4,1.4,100,100,110,110,140,140,154.0,154,1.1,year,1,1,0,0,0,1,1.4,1,1.0,0.0,0.0,0.0,1.1
steer_immediate_minus64,1.4,1.4,100,100,150,150,140,140,210.0,210,1.5,1 hour,1,1,0,0,0,1,1.4,1,1.0,0.0,0.0,0.0,1.5
steer_immediate_minus64,1.4,1.4,100,100,150,150,140,140,210.0,210,1.5,10 years,1,1,0,0,0,1,1.4,1,1.0,0.0,0.0,0.0,1.5
steer_immediate_minus64,1.4,1.4,100,100,150,150,140,140,210.0,210,1.5,2 days,1,0,1,0,0,1,1.4,1,0.0,1.0,0.0,0.0,1.5
steer_immediate_minus64,1.4,1.4,100,100,150,150,140,140,210.0,210,1.5,2 years,1,1,0,0,0,1,1.4,1,1.0,0.0,0.0,0.0,1.5
steer_immediate_minus64,1.4,1.4,100,100,150,150,140,140,210.0,210,1.5,3 months,1,1,0,0,0,1,1.4,1,1.0,0.0,0.0,0.0,1.5
steer_immediate_minus64,1.4,1.4,100,100,150,150,140,140,210.0,210,1.5,3 years,1,1,0,0,0,1,1.4,1,1.0,0.0,0.0,0.0,1.5
steer_immediate_minus64,1.4,1.4,100,100,150,150,140,140,210.0,210,1.5,5 years,1,1,0,0,0,1,1.4,1,1.0,0.0,0.0,0.0,1.5
steer_immediate_minus64,1.4,1.4,100,100,150,150,140,140,210.0,210,1.5,8 hours,1,1,0,0,0,1,1.4,1,1.0,0.0,0.0,0.0,1.5
steer_immediate_minus64,1.4,1.4,100,100,150,150,140,140,210.0,210,1.5,month,1,0,0,1,0,1,1.4,1,0.5,0.5,1.0,0.0,1.5
steer_immediate_minus64,1.4,1.4,100,100,150,150,140,140,210.0,210,1.5,tomorrow,1,0,1,0,0,1,1.4,1,0.0,1.0,0.0,0.0,1.5
steer_immediate_minus64,1.4,1.4,100,100,150,150,140,140,210.0,210,1.5,week,1,1,0,0,0,1,1.4,1,1.0,0.0,0.0,0.0,1.5
steer_immediate_minus64,1.4,1.4,100,100,150,150,140,140,210.0,210,1.5,year,1,1,0,0,0,1,1.4,1,1.0,0.0,0.0,0.0,1.5
steer_immediate_minus64,1.4,1.4,100,100,200,200,140,140,280.0,280,2,1 hour,1,1,0,0,0,1,1.4,1,1.0,0.0,0.0,0.0,2.0
steer_immediate_minus64,1.4,1.4,100,100,200,200,140,140,280.0,280,2,10 years,1,1,0,0,0,1,1.4,1,1.0,0.0,0.0,0.0,2.0
steer_immediate_minus64,1.4,1.4,100,100,200,200,140,140,280.0,280,2,2 days,1,0,1,0,0,1,1.4,1,0.0,1.0,0.0,0.0,2.0
steer_immediate_minus64,1.4,1.4,100,100,200,200,140,140,280.0,280,2,2 years,1,0,0,1,0,1,1.4,1,0.5,0.5,1.0,0.0,2.0
steer_immediate_minus64,1.4,1.4,100,100,200,200,140,140,280.0,280,2,3 months,1,1,0,0,0,1,1.4,1,1.0,0.0,0.0,0.0,2.0
steer_immediate_minus64,1.4,1.4,100,100,200,200,140,140,280.0,280,2,3 years,1,1,0,0,0,1,1.4,1,1.0,0.0,0.0,0.0,2.0
steer_immediate_minus64,1.4,1.4,100,100,200,200,140,140,280.0,280,2,5 years,1,1,0,0,0,1,1.4,1,1.0,0.0,0.0,0.0,2.0
steer_immediate_minus64,1.4,1.4,100,100,200,200,140,140,280.0,280,2,8 hours,1,1,0,0,0,1,1.4,1,1.0,0.0,0.0,0.0,2.0
steer_immediate_minus64,1.4,1.4,100,100,200,200,140,140,280.0,280,2,month,1,0,0,1,0,1,1.4,1,0.5,0.5,1.0,0.0,2.0
steer_immediate_minus64,1.4,1.4,100,100,200,200,140,140,280.0,280,2,tomorrow,1,0,1,0,0,1,1.4,1,0.0,1.0,0.0,0.0,2.0
steer_immediate_minus64,1.4,1.4,100,100,200,200,140,140,280.0,280,2,week,1,1,0,0,0,1,1.4,1,1.0,0.0,0.0,0.0,2.0
steer_immediate_minus64,1.4,1.4,100,100,200,200,140,140,280.0,280,2,year,1,1,0,0,0,1,1.4,1,1.0,0.0,0.0,0.0,2.0
steer_immediate_minus64,1.4,1.4,100,100,500,500,140,140,700.0,700,5,1 hour,1,0,1,0,0,1,1.4,1,0.0,1.0,0.0,0.0,5.0
steer_immediate_minus64,1.4,1.4,100,100,500,500,140,140,700.0,700,5,10 years,1,0,1,0,0,1,1.4,1,0.0,1.0,0.0,0.0,5.0
steer_immediate_minus64,1.4,1.4,100,100,500,500,140,140,700.0,700,5,2 days,1,0,1,0,0,1,1.4,1,0.0,1.0,0.0,0.0,5.0
steer_immediate_minus64,1.4,1.4,100,100,500,500,140,140,700.0,700,5,2 years,1,0,1,0,0,1,1.4,1,0.0,1.0,0.0,0.0,5.0
steer_immediate_minus64,1.4,1.4,100,100,500,500,140,140,700.0,700,5,3 months,1,0,1,0,0,1,1.4,1,0.0,1.0,0.0,0.0,5.0
steer_immediate_minus64,1.4,1.4,100,100,500,500,140,140,700.0,700,5,3 years,1,0,1,0,0,1,1.4,1,0.0,1.0,0.0,0.0,5.0
steer_immediate_minus64,1.4,1.4,100,100,500,500,140,140,700.0,700,5,5 years,1,0,1,0,0,1,1.4,1,0.0,1.0,0.0,0.0,5.0
steer_immediate_minus64,1.4,1.4,100,100,500,500,140,140,700.0,700,5,8 hours,1,0,1,0,0,1,1.4,1,0.0,1.0,0.0,0.0,5.0
steer_immediate_minus64,1.4,1.4,100,100,500,500,140,140,700.0,700,5,month,1,0,1,0,0,1,1.4,1,0.0,1.0,0.0,0.0,5.0
steer_immediate_minus64,1.4,1.4,100,100,500,500,140,140,700.0,700,5,tomorrow,1,0,1,0,0,1,1.4,1,0.0,1.0,0.0,0.0,5.0
steer_immediate_minus64,1.4,1.4,100,100,500,500,140,140,700.0,700,5,week,1,0,1,0,0,1,1.4,1,0.0,1.0,0.0,0.0,5.0
steer_immediate_minus64,1.4,1.4,100,100,500,500,140,140,700.0,700,5,year,1,0,1,0,0,1,1.4,1,0.0,1.0,0.0,0.0,5.0
steer_immediate_minus64,1.4,1.4,100,100,1000,1000,140,140,1400.0,1400,10,1 hour,1,0,1,0,0,1,1.4,1,0.0,1.0,0.0,0.0,10.0
steer_immediate_minus64,1.4,1.4,100,100,1000,1000,140,140,1400.0,1400,10,10 years,1,0,1,0,0,1,1.4,1,0.0,1.0,0.0,0.0,10.0
steer_immediate_minus64,1.4,1.4,100,100,1000,1000,140,140,1400.0,1400,10,2 days,1,0,1,0,0,1,1.4,1,0.0,1.0,0.0,0.0,10.0
steer_immediate_minus64,1.4,1.4,100,100,1000,1000,140,140,1400.0,1400,10,2 years,1,0,1,0,0,1,1.4,1,0.0,1.0,0.0,0.0,10.0
steer_immediate_minus64,1.4,1.4,100,100,1000,1000,140,140,1400.0,1400,10,3 months,1,0,1,0,0,1,1.4,1,0.0,1.0,0.0,0.0,10.0
steer_immediate_minus64,1.4,1.4,100,100,1000,1000,140,140,1400.0,1400,10,3 years,1,0,1,0,0,1,1.4,1,0.0,1.0,0.0,0.0,10.0
steer_immediate_minus64,1.4,1.4,100,100,1000,1000,140,140,1400.0,1400,10,5 years,1,0,1,0,0,1,1.4,1,0.0,1.0,0.0,0.0,10.0
steer_immediate_minus64,1.4,1.4,100,100,1000,1000,140,140,1400.0,1400,10,8 hours,1,0,1,0,0,1,1.4,1,0.0,1.0,0.0,0.0,10.0
steer_immediate_minus64,1.4,1.4,100,100,1000,1000,140,140,1400.0,1400,10,month,1,0,1,0,0,1,1.4,1,0.0,1.0,0.0,0.0,10.0
steer_immediate_minus64,1.4,1.4,100,100,1000,1000,140,140,1400.0,1400,10,tomorrow,1,0,1,0,0,1,1.4,1,0.0,1.0,0.0,0.0,10.0
steer_immediate_minus64,1.4,1.4,100,100,1000,1000,140,140,1400.0,1400,10,week,1,0,1,0,0,1,1.4,1,0.0,1.0,0.0,0.0,10.0
steer_immediate_minus64,1.4,1.4,100,100,1000,1000,140,140,1400.0,1400,10,year,1,0,1,0,0,1,1.4,1,0.0,1.0,0.0,0.0,10.0
steer_immediate_minus64,1.4,1.4,100,100,10000,10000,140,140,14000.0,14000,100,1 hour,1,0,1,0,0,1,1.4,1,0.0,1.0,0.0,0.0,100.0
steer_immediate_minus64,1.4,1.4,100,100,10000,10000,140,140,14000.0,14000,100,10 years,1,0,1,0,0,1,1.4,1,0.0,1.0,0.0,0.0,100.0
steer_immediate_minus64,1.4,1.4,100,100,10000,10000,140,140,14000.0,14000,100,2 days,1,0,1,0,0,1,1.4,1,0.0,1.0,0.0,0.0,100.0
steer_immediate_minus64,1.4,1.4,100,100,10000,10000,140,140,14000.0,14000,100,2 years,1,0,1,0,0,1,1.4,1,0.0,1.0,0.0,0.0,100.0
steer_immediate_minus64,1.4,1.4,100,100,10000,10000,140,140,14000.0,14000,100,3 months,1,0,1,0,0,1,1.4,1,0.0,1.0,0.0,0.0,100.0
steer_immediate_minus64,1.4,1.4,100,100,10000,10000,140,140,14000.0,14000,100,3 years,1,0,1,0,0,1,1.4,1,0.0,1.0,0.0,0.0,100.0
steer_immediate_minus64,1.4,1.4,100,100,10000,10000,140,140,14000.0,14000,100,5 years,1,0,1,0,0,1,1.4,1,0.0,1.0,0.0,0.0,100.0
steer_immediate_minus64,1.4,1.4,100,100,10000,10000,140,140,14000.0,14000,100,8 hours,1,0,1,0,0,1,1.4,1,0.0,1.0,0.0,0.0,100.0
steer_immediate_minus64,1.4,1.4,100,100,10000,10000,140,140,14000.0,14000,100,month,1,0,1,0,0,1,1.4,1,0.0,1.0,0.0,0.0,100.0
steer_immediate_minus64,1.4,1.4,100,100,10000,10000,140,140,14000.0,14000,100,tomorrow,1,0,1,0,0,1,1.4,1,0.0,1.0,0.0,0.0,100.0
steer_immediate_minus64,1.4,1.4,100,100,10000,10000,140,140,14000.0,14000,100,week,1,0,1,0,0,1,1.4,1,0.0,1.0,0.0,0.0,100.0
steer_immediate_minus64,1.4,1.4,100,100,10000,10000,140,140,14000.0,14000,100,year,1,0,1,0,0,1,1.4,1,0.0,1.0,0.0,0.0,100.0
steer_immediate_minus64,2.0,2,100,100,100,100,200,200,200.0,200,1,1 hour,1,1,0,0,0,1,2,1,1.0,0.0,0.0,0.0,1.0
steer_immediate_minus64,2.0,2,100,100,100,100,200,200,200.0,200,1,10 years,1,1,0,0,0,1,2,1,1.0,0.0,0.0,0.0,1.0
steer_immediate_minus64,2.0,2,100,100,100,100,200,200,200.0,200,1,2 days,1,1,0,0,0,1,2,1,1.0,0.0,0.0,0.0,1.0
steer_immediate_minus64,2.0,2,100,100,100,100,200,200,200.0,200,1,2 years,1,1,0,0,0,1,2,1,1.0,0.0,0.0,0.0,1.0
steer_immediate_minus64,2.0,2,100,100,100,100,200,200,200.0,200,1,3 months,1,1,0,0,0,1,2,1,1.0,0.0,0.0,0.0,1.0
steer_immediate_minus64,2.0,2,100,100,100,100,200,200,200.0,200,1,3 years,1,1,0,0,0,1,2,1,1.0,0.0,0.0,0.0,1.0
steer_immediate_minus64,2.0,2,100,100,100,100,200,200,200.0,200,1,5 years,1,1,0,0,0,1,2,1,1.0,0.0,0.0,0.0,1.0
steer_immediate_minus64,2.0,2,100,100,100,100,200,200,200.0,200,1,8 hours,1,1,0,0,0,1,2,1,1.0,0.0,0.0,0.0,1.0
steer_immediate_minus64,2.0,2,100,100,100,100,200,200,200.0,200,1,month,1,1,0,0,0,1,2,1,1.0,0.0,0.0,0.0,1.0
steer_immediate_minus64,2.0,2,100,100,100,100,200,200,200.0,200,1,tomorrow,1,1,0,0,0,1,2,1,1.0,0.0,0.0,0.0,1.0
steer_immediate_minus64,2.0,2,100,100,100,100,200,200,200.0,200,1,week,1,1,0,0,0,1,2,1,1.0,0.0,0.0,0.0,1.0
steer_immediate_minus64,2.0,2,100,100,100,100,200,200,200.0,200,1,year,1,1,0,0,0,1,2,1,1.0,0.0,0.0,0.0,1.0
steer_immediate_minus64,2.0,2,100,100,101,101,200,200,202.0,202,1.01,1 hour,1,1,0,0,0,1,2,1,1.0,0.0,0.0,0.0,1.01
steer_immediate_minus64,2.0,2,100,100,101,101,200,200,202.0,202,1.01,10 years,1,1,0,0,0,1,2,1,1.0,0.0,0.0,0.0,1.01
steer_immediate_minus64,2.0,2,100,100,101,101,200,200,202.0,202,1.01,2 days,1,1,0,0,0,1,2,1,1.0,0.0,0.0,0.0,1.01
steer_immediate_minus64,2.0,2,100,100,101,101,200,200,202.0,202,1.01,2 years,1,1,0,0,0,1,2,1,1.0,0.0,0.0,0.0,1.01
steer_immediate_minus64,2.0,2,100,100,101,101,200,200,202.0,202,1.01,3 months,1,1,0,0,0,1,2,1,1.0,0.0,0.0,0.0,1.01
steer_immediate_minus64,2.0,2,100,100,101,101,200,200,202.0,202,1.01,3 years,1,1,0,0,0,1,2,1,1.0,0.0,0.0,0.0,1.01
steer_immediate_minus64,2.0,2,100,100,101,101,200,200,202.0,202,1.01,5 years,1,1,0,0,0,1,2,1,1.0,0.0,0.0,0.0,1.01
steer_immediate_minus64,2.0,2,100,100,101,101,200,200,202.0,202,1.01,8 hours,1,1,0,0,0,1,2,1,1.0,0.0,0.0,0.0,1.01
steer_immediate_minus64,2.0,2,100,100,101,101,200,200,202.0,202,1.01,month,1,1,0,0,0,1,2,1,1.0,0.0,0.0,0.0,1.01
steer_immediate_minus64,2.0,2,100,100,101,101,200,200,202.0,202,1.01,tomorrow,1,1,0,0,0,1,2,1,1.0,0.0,0.0,0.0,1.01
steer_immediate_minus64,2.0,2,100,100,101,101,200,200,202.0,202,1.01,week,1,1,0,0,0,1,2,1,1.0,0.0,0.0,0.0,1.01
steer_immediate_minus64,2.0,2,100,100,101,101,200,200,202.0,202,1.01,year,1,1,0,0,0,1,2,1,1.0,0.0,0.0,0.0,1.01
steer_immediate_minus64,2.0,2,100,100,110,110,200,200,220.0,220,1.1,1 hour,1,1,0,0,0,1,2,1,1.0,0.0,0.0,0.0,1.1
steer_immediate_minus64,2.0,2,100,100,110,110,200,200,220.0,220,1.1,10 years,1,1,0,0,0,1,2,1,1.0,0.0,0.0,0.0,1.1
steer_immediate_minus64,2.0,2,100,100,110,110,200,200,220.0,220,1.1,2 days,1,1,0,0,0,1,2,1,1.0,0.0,0.0,0.0,1.1
steer_immediate_minus64,2.0,2,100,100,110,110,200,200,220.0,220,1.1,2 years,1,1,0,0,0,1,2,1,1.0,0.0,0.0,0.0,1.1
steer_immediate_minus64,2.0,2,100,100,110,110,200,200,220.0,220,1.1,3 months,1,1,0,0,0,1,2,1,1.0,0.0,0.0,0.0,1.1
steer_immediate_minus64,2.0,2,100,100,110,110,200,200,220.0,220,1.1,3 years,1,1,0,0,0,1,2,1,1.0,0.0,0.0,0.0,1.1
steer_immediate_minus64,2.0,2,100,100,110,110,200,200,220.0,220,1.1,5 years,1,1,0,0,0,1,2,1,1.0,0.0,0.0,0.0,1.1
steer_immediate_minus64,2.0,2,100,100,110,110,200,200,220.0,220,1.1,8 hours,1,1,0,0,0,1,2,1,1.0,0.0,0.0,0.0,1.1
steer_immediate_minus64,2.0,2,100,100,110,110,200,200,220.0,220,1.1,month,1,1,0,0,0,1,2,1,1.0,0.0,0.0,0.0,1.1
steer_immediate_minus64,2.0,2,100,100,110,110,200,200,220.0,220,1.1,tomorrow,1,1,0,0,0,1,2,1,1.0,0.0,0.0,0.0,1.1
steer_immediate_minus64,2.0,2,100,100,110,110,200,200,220.0,220,1.1,week,1,1,0,0,0,1,2,1,1.0,0.0,0.0,0.0,1.1
steer_immediate_minus64,2.0,2,100,100,110,110,200,200,220.0,220,1.1,year,1,1,0,0,0,1,2,1,1.0,0.0,0.0,0.0,1.1
steer_immediate_minus64,2.0,2,100,100,150,150,200,200,300.0,300,1.5,1 hour,1,1,0,0,0,1,2,1,1.0,0.0,0.0,0.0,1.5
steer_immediate_minus64,2.0,2,100,100,150,150,200,200,300.0,300,1.5,10 years,1,1,0,0,0,1,2,1,1.0,0.0,0.0,0.0,1.5
steer_immediate_minus64,2.0,2,100,100,150,150,200,200,300.0,300,1.5,2 days,1,1,0,0,0,1,2,1,1.0,0.0,0.0,0.0,1.5
steer_immediate_minus64,2.0,2,100,100,150,150,200,200,300.0,300,1.5,2 years,1,1,0,0,0,1,2,1,1.0,0.0,0.0,0.0,1.5
steer_immediate_minus64,2.0,2,100,100,150,150,200,200,300.0,300,1.5,3 months,1,1,0,0,0,1,2,1,1.0,0.0,0.0,0.0,1.5
steer_immediate_minus64,2.0,2,100,100,150,150,200,200,300.0,300,1.5,3 years,1,1,0,0,0,1,2,1,1.0,0.0,0.0,0.0,1.5
steer_immediate_minus64,2.0,2,100,100,150,150,200,200,300.0,300,1.5,5 years,1,1,0,0,0,1,2,1,1.0,0.0,0.0,0.0,1.5
steer_immediate_minus64,2.0,2,100,100,150,150,200,200,300.0,300,1.5,8 hours,1,1,0,0,0,1,2,1,1.0,0.0,0.0,0.0,1.5
steer_immediate_minus64,2.0,2,100,100,150,150,200,200,300.0,300,1.5,month,1,1,0,0,0,1,2,1,1.0,0.0,0.0,0.0,1.5
steer_immediate_minus64,2.0,2,100,100,150,150,200,200,300.0,300,1.5,tomorrow,1,1,0,0,0,1,2,1,1.0,0.0,0.0,0.0,1.5
steer_immediate_minus64,2.0,2,100,100,150,150,200,200,300.0,300,1.5,week,1,1,0,0,0,1,2,1,1.0,0.0,0.0,0.0,1.5
steer_immediate_minus64,2.0,2,100,100,150,150,200,200,300.0,300,1.5,year,1,1,0,0,0,1,2,1,1.0,0.0,0.0,0.0,1.5
steer_immediate_minus64,2.0,2,100,100,200,200,200,200,400.0,400,2,1 hour,1,1,0,0,0,1,2,1,1.0,0.0,0.0,0.0,2.0
steer_immediate_minus64,2.0,2,100,100,200,200,200,200,400.0,400,2,10 years,1,1,0,0,0,1,2,1,1.0,0.0,0.0,0.0,2.0
steer_immediate_minus64,2.0,2,100,100,200,200,200,200,400.0,400,2,2 days,1,0,1,0,0,1,2,1,0.0,1.0,0.0,0.0,2.0
steer_immediate_minus64,2.0,2,100,100,200,200,200,200,400.0,400,2,2 years,1,1,0,0,0,1,2,1,1.0,0.0,0.0,0.0,2.0
steer_immediate_minus64,2.0,2,100,100,200,200,200,200,400.0,400,2,3 months,1,1,0,0,0,1,2,1,1.0,0.0,0.0,0.0,2.0
steer_immediate_minus64,2.0,2,100,100,200,200,200,200,400.0,400,2,3 years,1,1,0,0,0,1,2,1,1.0,0.0,0.0,0.0,2.0
steer_immediate_minus64,2.0,2,100,100,200,200,200,200,400.0,400,2,5 years,1,1,0,0,0,1,2,1,1.0,0.0,0.0,0.0,2.0
steer_immediate_minus64,2.0,2,100,100,200,200,200,200,400.0,400,2,8 hours,1,1,0,0,0,1,2,1,1.0,0.0,0.0,0.0,2.0
steer_immediate_minus64,2.0,2,100,100,200,200,200,200,400.0,400,2,month,1,0,0,1,0,1,2,1,0.5,0.5,1.0,0.0,2.0
steer_immediate_minus64,2.0,2,100,100,200,200,200,200,400.0,400,2,tomorrow,1,0,1,0,0,1,2,1,0.0,1.0,0.0,0.0,2.0
steer_immediate_minus64,2.0,2,100,100,200,200,200,200,400.0,400,2,week,1,1,0,0,0,1,2,1,1.0,0.0,0.0,0.0,2.0
steer_immediate_minus64,2.0,2,100,100,200,200,200,200,400.0,400,2,year,1,1,0,0,0,1,2,1,1.0,0.0,0.0,0.0,2.0
steer_immediate_minus64,2.0,2,100,100,500,500,200,200,1000.0,1000,5,1 hour,1,0,1,0,0,1,2,1,0.0,1.0,0.0,0.0,5.0
steer_immediate_minus64,2.0,2,100,100,500,500,200,200,1000.0,1000,5,10 years,1,0,1,0,0,1,2,1,0.0,1.0,0.0,0.0,5.0
steer_immediate_minus64,2.0,2,100,100,500,500,200,200,1000.0,1000,5,2 days,1,0,1,0,0,1,2,1,0.0,1.0,0.0,0.0,5.0
steer_immediate_minus64,2.0,2,100,100,500,500,200,200,1000.0,1000,5,2 years,1,0,1,0,0,1,2,1,0.0,1.0,0.0,0.0,5.0
steer_immediate_minus64,2.0,2,100,100,500,500,200,200,1000.0,1000,5,3 months,1,0,1,0,0,1,2,1,0.0,1.0,0.0,0.0,5.0
steer_immediate_minus64,2.0,2,100,100,500,500,200,200,1000.0,1000,5,3 years,1,0,1,0,0,1,2,1,0.0,1.0,0.0,0.0,5.0
steer_immediate_minus64,2.0,2,100,100,500,500,200,200,1000.0,1000,5,5 years,1,0,1,0,0,1,2,1,0.0,1.0,0.0,0.0,5.0
steer_immediate_minus64,2.0,2,100,100,500,500,200,200,1000.0,1000,5,8 hours,1,0,1,0,0,1,2,1,0.0,1.0,0.0,0.0,5.0
steer_immediate_minus64,2.0,2,100,100,500,500,200,200,1000.0,1000,5,month,1,0,1,0,0,1,2,1,0.0,1.0,0.0,0.0,5.0
steer_immediate_minus64,2.0,2,100,100,500,500,200,200,1000.0,1000,5,tomorrow,1,0,1,0,0,1,2,1,0.0,1.0,0.0,0.0,5.0
steer_immediate_minus64,2.0,2,100,100,500,500,200,200,1000.0,1000,5,week,1,0,1,0,0,1,2,1,0.0,1.0,0.0,0.0,5.0
steer_immediate_minus64,2.0,2,100,100,500,500,200,200,1000.0,1000,5,year,1,0,1,0,0,1,2,1,0.0,1.0,0.0,0.0,5.0
steer_immediate_minus64,2.0,2,100,100,1000,1000,200,200,2000.0,2000,10,1 hour,1,0,1,0,0,1,2,1,0.0,1.0,0.0,0.0,10.0
steer_immediate_minus64,2.0,2,100,100,1000,1000,200,200,2000.0,2000,10,10 years,1,0,1,0,0,1,2,1,0.0,1.0,0.0,0.0,10.0
steer_immediate_minus64,2.0,2,100,100,1000,1000,200,200,2000.0,2000,10,2 days,1,0,1,0,0,1,2,1,0.0,1.0,0.0,0.0,10.0
steer_immediate_minus64,2.0,2,100,100,1000,1000,200,200,2000.0,2000,10,2 years,1,0,1,0,0,1,2,1,0.0,1.0,0.0,0.0,10.0
steer_immediate_minus64,2.0,2,100,100,1000,1000,200,200,2000.0,2000,10,3 months,1,0,1,0,0,1,2,1,0.0,1.0,0.0,0.0,10.0
steer_immediate_minus64,2.0,2,100,100,1000,1000,200,200,2000.0,2000,10,3 years,1,0,1,0,0,1,2,1,0.0,1.0,0.0,0.0,10.0
steer_immediate_minus64,2.0,2,100,100,1000,1000,200,200,2000.0,2000,10,5 years,1,0,1,0,0,1,2,1,0.0,1.0,0.0,0.0,10.0
steer_immediate_minus64,2.0,2,100,100,1000,1000,200,200,2000.0,2000,10,8 hours,1,0,1,0,0,1,2,1,0.0,1.0,0.0,0.0,10.0
steer_immediate_minus64,2.0,2,100,100,1000,1000,200,200,2000.0,2000,10,month,1,0,1,0,0,1,2,1,0.0,1.0,0.0,0.0,10.0
steer_immediate_minus64,2.0,2,100,100,1000,1000,200,200,2000.0,2000,10,tomorrow,1,0,1,0,0,1,2,1,0.0,1.0,0.0,0.0,10.0
steer_immediate_minus64,2.0,2,100,100,1000,1000,200,200,2000.0,2000,10,week,1,0,1,0,0,1,2,1,0.0,1.0,0.0,0.0,10.0
steer_immediate_minus64,2.0,2,100,100,1000,1000,200,200,2000.0,2000,10,year,1,0,1,0,0,1,2,1,0.0,1.0,0.0,0.0,10.0
steer_immediate_minus64,2.0,2,100,100,10000,10000,200,200,20000.0,20000,100,1 hour,1,0,1,0,0,1,2,1,0.0,1.0,0.0,0.0,100.0
steer_immediate_minus64,2.0,2,100,100,10000,10000,200,200,20000.0,20000,100,10 years,1,0,1,0,0,1,2,1,0.0,1.0,0.0,0.0,100.0
steer_immediate_minus64,2.0,2,100,100,10000,10000,200,200,20000.0,20000,100,2 days,1,0,1,0,0,1,2,1,0.0,1.0,0.0,0.0,100.0
steer_immediate_minus64,2.0,2,100,100,10000,10000,200,200,20000.0,20000,100,2 years,1,0,1,0,0,1,2,1,0.0,1.0,0.0,0.0,100.0
steer_immediate_minus64,2.0,2,100,100,10000,10000,200,200,20000.0,20000,100,3 months,1,0,1,0,0,1,2,1,0.0,1.0,0.0,0.0,100.0
steer_immediate_minus64,2.0,2,100,100,10000,10000,200,200,20000.0,20000,100,3 years,1,0,1,0,0,1,2,1,0.0,1.0,0.0,0.0,100.0
steer_immediate_minus64,2.0,2,100,100,10000,10000,200,200,20000.0,20000,100,5 years,1,0,1,0,0,1,2,1,0.0,1.0,0.0,0.0,100.0
steer_immediate_minus64,2.0,2,100,100,10000,10000,200,200,20000.0,20000,100,8 hours,1,0,1,0,0,1,2,1,0.0,1.0,0.0,0.0,100.0
steer_immediate_minus64,2.0,2,100,100,10000,10000,200,200,20000.0,20000,100,month,1,0,1,0,0,1,2,1,0.0,1.0,0.0,0.0,100.0
steer_immediate_minus64,2.0,2,100,100,10000,10000,200,200,20000.0,20000,100,tomorrow,1,0,1,0,0,1,2,1,0.0,1.0,0.0,0.0,100.0
steer_immediate_minus64,2.0,2,100,100,10000,10000,200,200,20000.0,20000,100,week,1,0,1,0,0,1,2,1,0.0,1.0,0.0,0.0,100.0
steer_immediate_minus64,2.0,2,100,100,10000,10000,200,200,20000.0,20000,100,year,1,0,1,0,0,1,2,1,0.0,1.0,0.0,0.0,100.0
steer_immediate_minus64,6.0,6,100,100,100,100,600,600,600.0,600,1,1 hour,1,1,0,0,0,1,6,1,1.0,0.0,0.0,0.0,1.0
steer_immediate_minus64,6.0,6,100,100,100,100,600,600,600.0,600,1,10 years,1,1,0,0,0,1,6,1,1.0,0.0,0.0,0.0,1.0
steer_immediate_minus64,6.0,6,100,100,100,100,600,600,600.0,600,1,2 days,1,1,0,0,0,1,6,1,1.0,0.0,0.0,0.0,1.0
steer_immediate_minus64,6.0,6,100,100,100,100,600,600,600.0,600,1,2 years,1,1,0,0,0,1,6,1,1.0,0.0,0.0,0.0,1.0
steer_immediate_minus64,6.0,6,100,100,100,100,600,600,600.0,600,1,3 months,1,1,0,0,0,1,6,1,1.0,0.0,0.0,0.0,1.0
steer_immediate_minus64,6.0,6,100,100,100,100,600,600,600.0,600,1,3 years,1,1,0,0,0,1,6,1,1.0,0.0,0.0,0.0,1.0
steer_immediate_minus64,6.0,6,100,100,100,100,600,600,600.0,600,1,5 years,1,1,0,0,0,1,6,1,1.0,0.0,0.0,0.0,1.0
steer_immediate_minus64,6.0,6,100,100,100,100,600,600,600.0,600,1,8 hours,1,1,0,0,0,1,6,1,1.0,0.0,0.0,0.0,1.0
steer_immediate_minus64,6.0,6,100,100,100,100,600,600,600.0,600,1,month,1,1,0,0,0,1,6,1,1.0,0.0,0.0,0.0,1.0
steer_immediate_minus64,6.0,6,100,100,100,100,600,600,600.0,600,1,tomorrow,1,1,0,0,0,1,6,1,1.0,0.0,0.0,0.0,1.0
steer_immediate_minus64,6.0,6,100,100,100,100,600,600,600.0,600,1,week,1,1,0,0,0,1,6,1,1.0,0.0,0.0,0.0,1.0
steer_immediate_minus64,6.0,6,100,100,100,100,600,600,600.0,600,1,year,1,1,0,0,0,1,6,1,1.0,0.0,0.0,0.0,1.0
steer_immediate_minus64,6.0,6,100,100,101,101,600,600,606.0,606,1.01,1 hour,1,1,0,0,0,1,6,1,1.0,0.0,0.0,0.0,1.01
steer_immediate_minus64,6.0,6,100,100,101,101,600,600,606.0,606,1.01,10 years,1,1,0,0,0,1,6,1,1.0,0.0,0.0,0.0,1.01
steer_immediate_minus64,6.0,6,100,100,101,101,600,600,606.0,606,1.01,2 days,1,1,0,0,0,1,6,1,1.0,0.0,0.0,0.0,1.01
steer_immediate_minus64,6.0,6,100,100,101,101,600,600,606.0,606,1.01,2 years,1,1,0,0,0,1,6,1,1.0,0.0,0.0,0.0,1.01
steer_immediate_minus64,6.0,6,100,100,101,101,600,600,606.0,606,1.01,3 months,1,1,0,0,0,1,6,1,1.0,0.0,0.0,0.0,1.01
steer_immediate_minus64,6.0,6,100,100,101,101,600,600,606.0,606,1.01,3 years,1,1,0,0,0,1,6,1,1.0,0.0,0.0,0.0,1.01
steer_immediate_minus64,6.0,6,100,100,101,101,600,600,606.0,606,1.01,5 years,1,1,0,0,0,1,6,1,1.0,0.0,0.0,0.0,1.01
steer_immediate_minus64,6.0,6,100,100,101,101,600,600,606.0,606,1.01,8 hours,1,1,0,0,0,1,6,1,1.0,0.0,0.0,0.0,1.01
steer_immediate_minus64,6.0,6,100,100,101,101,600,600,606.0,606,1.01,month,1,1,0,0,0,1,6,1,1.0,0.0,0.0,0.0,1.01
steer_immediate_minus64,6.0,6,100,100,101,101,600,600,606.0,606,1.01,tomorrow,1,1,0,0,0,1,6,1,1.0,0.0,0.0,0.0,1.01
steer_immediate_minus64,6.0,6,100,100,101,101,600,600,606.0,606,1.01,week,1,1,0,0,0,1,6,1,1.0,0.0,0.0,0.0,1.01
steer_immediate_minus64,6.0,6,100,100,101,101,600,600,606.0,606,1.01,year,1,1,0,0,0,1,6,1,1.0,0.0,0.0,0.0,1.01
steer_immediate_minus64,6.0,6,100,100,110,110,600,600,660.0,660,1.1,1 hour,1,1,0,0,0,1,6,1,1.0,0.0,0.0,0.0,1.1
steer_immediate_minus64,6.0,6,100,100,110,110,600,600,660.0,660,1.1,10 years,1,1,0,0,0,1,6,1,1.0,0.0,0.0,0.0,1.1
steer_immediate_minus64,6.0,6,100,100,110,110,600,600,660.0,660,1.1,2 days,1,1,0,0,0,1,6,1,1.0,0.0,0.0,0.0,1.1
steer_immediate_minus64,6.0,6,100,100,110,110,600,600,660.0,660,1.1,2 years,1,1,0,0,0,1,6,1,1.0,0.0,0.0,0.0,1.1
steer_immediate_minus64,6.0,6,100,100,110,110,600,600,660.0,660,1.1,3 months,1,1,0,0,0,1,6,1,1.0,0.0,0.0,0.0,1.1
steer_immediate_minus64,6.0,6,100,100,110,110,600,600,660.0,660,1.1,3 years,1,1,0,0,0,1,6,1,1.0,0.0,0.0,0.0,1.1
steer_immediate_minus64,6.0,6,100,100,110,110,600,600,660.0,660,1.1,5 years,1,1,0,0,0,1,6,1,1.0,0.0,0.0,0.0,1.1
steer_immediate_minus64,6.0,6,100,100,110,110,600,600,660.0,660,1.1,8 hours,1,1,0,0,0,1,6,1,1.0,0.0,0.0,0.0,1.1
steer_immediate_minus64,6.0,6,100,100,110,110,600,600,660.0,660,1.1,month,1,1,0,0,0,1,6,1,1.0,0.0,0.0,0.0,1.1
steer_immediate_minus64,6.0,6,100,100,110,110,600,600,660.0,660,1.1,tomorrow,1,1,0,0,0,1,6,1,1.0,0.0,0.0,0.0,1.1
steer_immediate_minus64,6.0,6,100,100,110,110,600,600,660.0,660,1.1,week,1,1,0,0,0,1,6,1,1.0,0.0,0.0,0.0,1.1
steer_immediate_minus64,6.0,6,100,100,110,110,600,600,660.0,660,1.1,year,1,1,0,0,0,1,6,1,1.0,0.0,0.0,0.0,1.1
steer_immediate_minus64,6.0,6,100,100,150,150,600,600,900.0,900,1.5,1 hour,1,1,0,0,0,1,6,1,1.0,0.0,0.0,0.0,1.5
steer_immediate_minus64,6.0,6,100,100,150,150,600,600,900.0,900,1.5,10 years,1,1,0,0,0,1,6,1,1.0,0.0,0.0,0.0,1.5
steer_immediate_minus64,6.0,6,100,100,150,150,600,600,900.0,900,1.5,2 days,1,0,1,0,0,1,6,1,0.0,1.0,0.0,0.0,1.5
steer_immediate_minus64,6.0,6,100,100,150,150,600,600,900.0,900,1.5,2 years,1,1,0,0,0,1,6,1,1.0,0.0,0.0,0.0,1.5
steer_immediate_minus64,6.0,6,100,100,150,150,600,600,900.0,900,1.5,3 months,1,0,1,0,0,1,6,1,0.0,1.0,0.0,0.0,1.5
steer_immediate_minus64,6.0,6,100,100,150,150,600,600,900.0,900,1.5,3 years,1,1,0,0,0,1,6,1,1.0,0.0,0.0,0.0,1.5
steer_immediate_minus64,6.0,6,100,100,150,150,600,600,900.0,900,1.5,5 years,1,1,0,0,0,1,6,1,1.0,0.0,0.0,0.0,1.5
steer_immediate_minus64,6.0,6,100,100,150,150,600,600,900.0,900,1.5,8 hours,1,1,0,0,0,1,6,1,1.0,0.0,0.0,0.0,1.5
steer_immediate_minus64,6.0,6,100,100,150,150,600,600,900.0,900,1.5,month,1,0,0,1,0,1,6,1,0.5,0.5,1.0,0.0,1.5
steer_immediate_minus64,6.0,6,100,100,150,150,600,600,900.0,900,1.5,tomorrow,1,0,1,0,0,1,6,1,0.0,1.0,0.0,0.0,1.5
steer_immediate_minus64,6.0,6,100,100,150,150,600,600,900.0,900,1.5,week,1,1,0,0,0,1,6,1,1.0,0.0,0.0,0.0,1.5
steer_immediate_minus64,6.0,6,100,100,150,150,600,600,900.0,900,1.5,year,1,1,0,0,0,1,6,1,1.0,0.0,0.0,0.0,1.5
steer_immediate_minus64,6.0,6,100,100,200,200,600,600,1200.0,1200,2,1 hour,1,0,1,0,0,1,6,1,0.0,1.0,0.0,0.0,2.0
steer_immediate_minus64,6.0,6,100,100,200,200,600,600,1200.0,1200,2,10 years,1,1,0,0,0,1,6,1,1.0,0.0,0.0,0.0,2.0
steer_immediate_minus64,6.0,6,100,100,200,200,600,600,1200.0,1200,2,2 days,1,0,1,0,0,1,6,1,0.0,1.0,0.0,0.0,2.0
steer_immediate_minus64,6.0,6,100,100,200,200,600,600,1200.0,1200,2,2 years,1,1,0,0,0,1,6,1,1.0,0.0,0.0,0.0,2.0
steer_immediate_minus64,6.0,6,100,100,200,200,600,600,1200.0,1200,2,3 months,1,0,1,0,0,1,6,1,0.0,1.0,0.0,0.0,2.0
steer_immediate_minus64,6.0,6,100,100,200,200,600,600,1200.0,1200,2,3 years,1,1,0,0,0,1,6,1,1.0,0.0,0.0,0.0,2.0
steer_immediate_minus64,6.0,6,100,100,200,200,600,600,1200.0,1200,2,5 years,1,1,0,0,0,1,6,1,1.0,0.0,0.0,0.0,2.0
steer_immediate_minus64,6.0,6,100,100,200,200,600,600,1200.0,1200,2,8 hours,1,1,0,0,0,1,6,1,1.0,0.0,0.0,0.0,2.0
steer_immediate_minus64,6.0,6,100,100,200,200,600,600,1200.0,1200,2,month,1,0,0,1,0,1,6,1,0.5,0.5,1.0,0.0,2.0
steer_immediate_minus64,6.0,6,100,100,200,200,600,600,1200.0,1200,2,tomorrow,1,0,1,0,0,1,6,1,0.0,1.0,0.0,0.0,2.0
steer_immediate_minus64,6.0,6,100,100,200,200,600,600,1200.0,1200,2,week,1,1,0,0,0,1,6,1,1.0,0.0,0.0,0.0,2.0
steer_immediate_minus64,6.0,6,100,100,200,200,600,600,1200.0,1200,2,year,1,1,0,0,0,1,6,1,1.0,0.0,0.0,0.0,2.0
steer_immediate_minus64,6.0,6,100,100,500,500,600,600,3000.0,3000,5,1 hour,1,0,1,0,0,1,6,1,0.0,1.0,0.0,0.0,5.0
steer_immediate_minus64,6.0,6,100,100,500,500,600,600,3000.0,3000,5,10 years,1,0,1,0,0,1,6,1,0.0,1.0,0.0,0.0,5.0
steer_immediate_minus64,6.0,6,100,100,500,500,600,600,3000.0,3000,5,2 days,1,0,1,0,0,1,6,1,0.0,1.0,0.0,0.0,5.0
steer_immediate_minus64,6.0,6,100,100,500,500,600,600,3000.0,3000,5,2 years,1,0,1,0,0,1,6,1,0.0,1.0,0.0,0.0,5.0
steer_immediate_minus64,6.0,6,100,100,500,500,600,600,3000.0,3000,5,3 months,1,0,1,0,0,1,6,1,0.0,1.0,0.0,0.0,5.0
steer_immediate_minus64,6.0,6,100,100,500,500,600,600,3000.0,3000,5,3 years,1,0,1,0,0,1,6,1,0.0,1.0,0.0,0.0,5.0
steer_immediate_minus64,6.0,6,100,100,500,500,600,600,3000.0,3000,5,5 years,1,0,1,0,0,1,6,1,0.0,1.0,0.0,0.0,5.0
steer_immediate_minus64,6.0,6,100,100,500,500,600,600,3000.0,3000,5,8 hours,1,1,0,0,0,1,6,1,1.0,0.0,0.0,0.0,5.0
steer_immediate_minus64,6.0,6,100,100,500,500,600,600,3000.0,3000,5,month,1,0,1,0,0,1,6,1,0.0,1.0,0.0,0.0,5.0
steer_immediate_minus64,6.0,6,100,100,500,500,600,600,3000.0,3000,5,tomorrow,1,0,1,0,0,1,6,1,0.0,1.0,0.0,0.0,5.0
steer_immediate_minus64,6.0,6,100,100,500,500,600,600,3000.0,3000,5,week,1,0,1,0,0,1,6,1,0.0,1.0,0.0,0.0,5.0
steer_immediate_minus64,6.0,6,100,100,500,500,600,600,3000.0,3000,5,year,1,0,1,0,0,1,6,1,0.0,1.0,0.0,0.0,5.0
steer_immediate_minus64,6.0,6,100,100,1000,1000,600,600,6000.0,6000,10,1 hour,1,0,1,0,0,1,6,1,0.0,1.0,0.0,0.0,10.0
steer_immediate_minus64,6.0,6,100,100,1000,1000,600,600,6000.0,6000,10,10 years,1,0,1,0,0,1,6,1,0.0,1.0,0.0,0.0,10.0
steer_immediate_minus64,6.0,6,100,100,1000,1000,600,600,6000.0,6000,10,2 days,1,0,1,0,0,1,6,1,0.0,1.0,0.0,0.0,10.0
steer_immediate_minus64,6.0,6,100,100,1000,1000,600,600,6000.0,6000,10,2 years,1,0,1,0,0,1,6,1,0.0,1.0,0.0,0.0,10.0
steer_immediate_minus64,6.0,6,100,100,1000,1000,600,600,6000.0,6000,10,3 months,1,0,1,0,0,1,6,1,0.0,1.0,0.0,0.0,10.0
steer_immediate_minus64,6.0,6,100,100,1000,1000,600,600,6000.0,6000,10,3 years,1,0,1,0,0,1,6,1,0.0,1.0,0.0,0.0,10.0
steer_immediate_minus64,6.0,6,100,100,1000,1000,600,600,6000.0,6000,10,5 years,1,0,1,0,0,1,6,1,0.0,1.0,0.0,0.0,10.0
steer_immediate_minus64,6.0,6,100,100,1000,1000,600,600,6000.0,6000,10,8 hours,1,0,1,0,0,1,6,1,0.0,1.0,0.0,0.0,10.0
steer_immediate_minus64,6.0,6,100,100,1000,1000,600,600,6000.0,6000,10,month,1,0,1,0,0,1,6,1,0.0,1.0,0.0,0.0,10.0
steer_immediate_minus64,6.0,6,100,100,1000,1000,600,600,6000.0,6000,10,tomorrow,1,0,1,0,0,1,6,1,0.0,1.0,0.0,0.0,10.0
steer_immediate_minus64,6.0,6,100,100,1000,1000,600,600,6000.0,6000,10,week,1,0,1,0,0,1,6,1,0.0,1.0,0.0,0.0,10.0
steer_immediate_minus64,6.0,6,100,100,1000,1000,600,600,6000.0,6000,10,year,1,0,1,0,0,1,6,1,0.0,1.0,0.0,0.0,10.0
steer_immediate_minus64,6.0,6,100,100,10000,10000,600,600,60000.0,60000,100,1 hour,1,0,1,0,0,1,6,1,0.0,1.0,0.0,0.0,100.0
steer_immediate_minus64,6.0,6,100,100,10000,10000,600,600,60000.0,60000,100,10 years,1,0,1,0,0,1,6,1,0.0,1.0,0.0,0.0,100.0
steer_immediate_minus64,6.0,6,100,100,10000,10000,600,600,60000.0,60000,100,2 days,1,0,1,0,0,1,6,1,0.0,1.0,0.0,0.0,100.0
steer_immediate_minus64,6.0,6,100,100,10000,10000,600,600,60000.0,60000,100,2 years,1,0,1,0,0,1,6,1,0.0,1.0,0.0,0.0,100.0
steer_immediate_minus64,6.0,6,100,100,10000,10000,600,600,60000.0,60000,100,3 months,1,0,1,0,0,1,6,1,0.0,1.0,0.0,0.0,100.0
steer_immediate_minus64,6.0,6,100,100,10000,10000,600,600,60000.0,60000,100,3 years,1,0,1,0,0,1,6,1,0.0,1.0,0.0,0.0,100.0
steer_immediate_minus64,6.0,6,100,100,10000,10000,600,600,60000.0,60000,100,5 years,1,0,1,0,0,1,6,1,0.0,1.0,0.0,0.0,100.0
steer_immediate_minus64,6.0,6,100,100,10000,10000,600,600,60000.0,60000,100,8 hours,1,0,1,0,0,1,6,1,0.0,1.0,0.0,0.0,100.0
steer_immediate_minus64,6.0,6,100,100,10000,10000,600,600,60000.0,60000,100,month,1,0,1,0,0,1,6,1,0.0,1.0,0.0,0.0,100.0
steer_immediate_minus64,6.0,6,100,100,10000,10000,600,600,60000.0,60000,100,tomorrow,1,0,1,0,0,1,6,1,0.0,1.0,0.0,0.0,100.0
steer_immediate_minus64,6.0,6,100,100,10000,10000,600,600,60000.0,60000,100,week,1,0,1,0,0,1,6,1,0.0,1.0,0.0,0.0,100.0
steer_immediate_minus64,6.0,6,100,100,10000,10000,600,600,60000.0,60000,100,year,1,0,1,0,0,1,6,1,0.0,1.0,0.0,0.0,100.0
steer_immediate_minus64,8.0,8,100,100,100,100,800,800,800.0,800,1,1 hour,1,1,0,0,0,1,8,1,1.0,0.0,0.0,0.0,1.0
steer_immediate_minus64,8.0,8,100,100,100,100,800,800,800.0,800,1,10 years,1,1,0,0,0,1,8,1,1.0,0.0,0.0,0.0,1.0
steer_immediate_minus64,8.0,8,100,100,100,100,800,800,800.0,800,1,2 days,1,1,0,0,0,1,8,1,1.0,0.0,0.0,0.0,1.0
steer_immediate_minus64,8.0,8,100,100,100,100,800,800,800.0,800,1,2 years,1,1,0,0,0,1,8,1,1.0,0.0,0.0,0.0,1.0
steer_immediate_minus64,8.0,8,100,100,100,100,800,800,800.0,800,1,3 months,1,1,0,0,0,1,8,1,1.0,0.0,0.0,0.0,1.0
steer_immediate_minus64,8.0,8,100,100,100,100,800,800,800.0,800,1,3 years,1,1,0,0,0,1,8,1,1.0,0.0,0.0,0.0,1.0
steer_immediate_minus64,8.0,8,100,100,100,100,800,800,800.0,800,1,5 years,1,1,0,0,0,1,8,1,1.0,0.0,0.0,0.0,1.0
steer_immediate_minus64,8.0,8,100,100,100,100,800,800,800.0,800,1,8 hours,1,1,0,0,0,1,8,1,1.0,0.0,0.0,0.0,1.0
steer_immediate_minus64,8.0,8,100,100,100,100,800,800,800.0,800,1,month,1,1,0,0,0,1,8,1,1.0,0.0,0.0,0.0,1.0
steer_immediate_minus64,8.0,8,100,100,100,100,800,800,800.0,800,1,tomorrow,1,1,0,0,0,1,8,1,1.0,0.0,0.0,0.0,1.0
steer_immediate_minus64,8.0,8,100,100,100,100,800,800,800.0,800,1,week,1,1,0,0,0,1,8,1,1.0,0.0,0.0,0.0,1.0
steer_immediate_minus64,8.0,8,100,100,100,100,800,800,800.0,800,1,year,1,1,0,0,0,1,8,1,1.0,0.0,0.0,0.0,1.0
steer_immediate_minus64,8.0,8,100,100,101,101,800,800,808.0,808,1.01,1 hour,1,1,0,0,0,1,8,1,1.0,0.0,0.0,0.0,1.01
steer_immediate_minus64,8.0,8,100,100,101,101,800,800,808.0,808,1.01,10 years,1,1,0,0,0,1,8,1,1.0,0.0,0.0,0.0,1.01
steer_immediate_minus64,8.0,8,100,100,101,101,800,800,808.0,808,1.01,2 days,1,1,0,0,0,1,8,1,1.0,0.0,0.0,0.0,1.01
steer_immediate_minus64,8.0,8,100,100,101,101,800,800,808.0,808,1.01,2 years,1,1,0,0,0,1,8,1,1.0,0.0,0.0,0.0,1.01
steer_immediate_minus64,8.0,8,100,100,101,101,800,800,808.0,808,1.01,3 months,1,1,0,0,0,1,8,1,1.0,0.0,0.0,0.0,1.01
steer_immediate_minus64,8.0,8,100,100,101,101,800,800,808.0,808,1.01,3 years,1,1,0,0,0,1,8,1,1.0,0.0,0.0,0.0,1.01
steer_immediate_minus64,8.0,8,100,100,101,101,800,800,808.0,808,1.01,5 years,1,1,0,0,0,1,8,1,1.0,0.0,0.0,0.0,1.01
steer_immediate_minus64,8.0,8,100,100,101,101,800,800,808.0,808,1.01,8 hours,1,1,0,0,0,1,8,1,1.0,0.0,0.0,0.0,1.01
steer_immediate_minus64,8.0,8,100,100,101,101,800,800,808.0,808,1.01,month,1,1,0,0,0,1,8,1,1.0,0.0,0.0,0.0,1.01
steer_immediate_minus64,8.0,8,100,100,101,101,800,800,808.0,808,1.01,tomorrow,1,1,0,0,0,1,8,1,1.0,0.0,0.0,0.0,1.01
steer_immediate_minus64,8.0,8,100,100,101,101,800,800,808.0,808,1.01,week,1,1,0,0,0,1,8,1,1.0,0.0,0.0,0.0,1.01
steer_immediate_minus64,8.0,8,100,100,101,101,800,800,808.0,808,1.01,year,1,1,0,0,0,1,8,1,1.0,0.0,0.0,0.0,1.01
steer_immediate_minus64,8.0,8,100,100,110,110,800,800,880.0,880,1.1,1 hour,1,1,0,0,0,1,8,1,1.0,0.0,0.0,0.0,1.1
steer_immediate_minus64,8.0,8,100,100,110,110,800,800,880.0,880,1.1,10 years,1,1,0,0,0,1,8,1,1.0,0.0,0.0,0.0,1.1
steer_immediate_minus64,8.0,8,100,100,110,110,800,800,880.0,880,1.1,2 days,1,1,0,0,0,1,8,1,1.0,0.0,0.0,0.0,1.1
steer_immediate_minus64,8.0,8,100,100,110,110,800,800,880.0,880,1.1,2 years,1,1,0,0,0,1,8,1,1.0,0.0,0.0,0.0,1.1
steer_immediate_minus64,8.0,8,100,100,110,110,800,800,880.0,880,1.1,3 months,1,1,0,0,0,1,8,1,1.0,0.0,0.0,0.0,1.1
steer_immediate_minus64,8.0,8,100,100,110,110,800,800,880.0,880,1.1,3 years,1,1,0,0,0,1,8,1,1.0,0.0,0.0,0.0,1.1
steer_immediate_minus64,8.0,8,100,100,110,110,800,800,880.0,880,1.1,5 years,1,1,0,0,0,1,8,1,1.0,0.0,0.0,0.0,1.1
steer_immediate_minus64,8.0,8,100,100,110,110,800,800,880.0,880,1.1,8 hours,1,1,0,0,0,1,8,1,1.0,0.0,0.0,0.0,1.1
steer_immediate_minus64,8.0,8,100,100,110,110,800,800,880.0,880,1.1,month,1,1,0,0,0,1,8,1,1.0,0.0,0.0,0.0,1.1
steer_immediate_minus64,8.0,8,100,100,110,110,800,800,880.0,880,1.1,tomorrow,1,1,0,0,0,1,8,1,1.0,0.0,0.0,0.0,1.1
steer_immediate_minus64,8.0,8,100,100,110,110,800,800,880.0,880,1.1,week,1,1,0,0,0,1,8,1,1.0,0.0,0.0,0.0,1.1
steer_immediate_minus64,8.0,8,100,100,110,110,800,800,880.0,880,1.1,year,1,1,0,0,0,1,8,1,1.0,0.0,0.0,0.0,1.1
steer_immediate_minus64,8.0,8,100,100,150,150,800,800,1200.0,1200,1.5,1 hour,1,1,0,0,0,1,8,1,1.0,0.0,0.0,0.0,1.5
steer_immediate_minus64,8.0,8,100,100,150,150,800,800,1200.0,1200,1.5,10 years,1,1,0,0,0,1,8,1,1.0,0.0,0.0,0.0,1.5
steer_immediate_minus64,8.0,8,100,100,150,150,800,800,1200.0,1200,1.5,2 days,1,0,1,0,0,1,8,1,0.0,1.0,0.0,0.0,1.5
steer_immediate_minus64,8.0,8,100,100,150,150,800,800,1200.0,1200,1.5,2 years,1,1,0,0,0,1,8,1,1.0,0.0,0.0,0.0,1.5
steer_immediate_minus64,8.0,8,100,100,150,150,800,800,1200.0,1200,1.5,3 months,1,0,1,0,0,1,8,1,0.0,1.0,0.0,0.0,1.5
steer_immediate_minus64,8.0,8,100,100,150,150,800,800,1200.0,1200,1.5,3 years,1,1,0,0,0,1,8,1,1.0,0.0,0.0,0.0,1.5
steer_immediate_minus64,8.0,8,100,100,150,150,800,800,1200.0,1200,1.5,5 years,1,1,0,0,0,1,8,1,1.0,0.0,0.0,0.0,1.5
steer_immediate_minus64,8.0,8,100,100,150,150,800,800,1200.0,1200,1.5,8 hours,1,1,0,0,0,1,8,1,1.0,0.0,0.0,0.0,1.5
steer_immediate_minus64,8.0,8,100,100,150,150,800,800,1200.0,1200,1.5,month,1,0,0,1,0,1,8,1,0.5,0.5,1.0,0.0,1.5
steer_immediate_minus64,8.0,8,100,100,150,150,800,800,1200.0,1200,1.5,tomorrow,1,0,1,0,0,1,8,1,0.0,1.0,0.0,0.0,1.5
steer_immediate_minus64,8.0,8,100,100,150,150,800,800,1200.0,1200,1.5,week,1,1,0,0,0,1,8,1,1.0,0.0,0.0,0.0,1.5
steer_immediate_minus64,8.0,8,100,100,150,150,800,800,1200.0,1200,1.5,year,1,1,0,0,0,1,8,1,1.0,0.0,0.0,0.0,1.5
steer_immediate_minus64,8.0,8,100,100,200,200,800,800,1600.0,1600,2,1 hour,1,0,1,0,0,1,8,1,0.0,1.0,0.0,0.0,2.0
steer_immediate_minus64,8.0,8,100,100,200,200,800,800,1600.0,1600,2,10 years,1,1,0,0,0,1,8,1,1.0,0.0,0.0,0.0,2.0
steer_immediate_minus64,8.0,8,100,100,200,200,800,800,1600.0,1600,2,2 days,1,0,1,0,0,1,8,1,0.0,1.0,0.0,0.0,2.0
steer_immediate_minus64,8.0,8,100,100,200,200,800,800,1600.0,1600,2,2 years,1,0,0,1,0,1,8,1,0.5,0.5,1.0,0.0,2.0
steer_immediate_minus64,8.0,8,100,100,200,200,800,800,1600.0,1600,2,3 months,1,0,1,0,0,1,8,1,0.0,1.0,0.0,0.0,2.0
steer_immediate_minus64,8.0,8,100,100,200,200,800,800,1600.0,1600,2,3 years,1,0,0,1,0,1,8,1,0.5,0.5,1.0,0.0,2.0
steer_immediate_minus64,8.0,8,100,100,200,200,800,800,1600.0,1600,2,5 years,1,0,0,1,0,1,8,1,0.5,0.5,1.0,0.0,2.0
steer_immediate_minus64,8.0,8,100,100,200,200,800,800,1600.0,1600,2,8 hours,1,1,0,0,0,1,8,1,1.0,0.0,0.0,0.0,2.0
steer_immediate_minus64,8.0,8,100,100,200,200,800,800,1600.0,1600,2,month,1,0,0,1,0,1,8,1,0.5,0.5,1.0,0.0,2.0
steer_immediate_minus64,8.0,8,100,100,200,200,800,800,1600.0,1600,2,tomorrow,1,0,1,0,0,1,8,1,0.0,1.0,0.0,0.0,2.0
steer_immediate_minus64,8.0,8,100,100,200,200,800,800,1600.0,1600,2,week,1,1,0,0,0,1,8,1,1.0,0.0,0.0,0.0,2.0
steer_immediate_minus64,8.0,8,100,100,200,200,800,800,1600.0,1600,2,year,1,1,0,0,0,1,8,1,1.0,0.0,0.0,0.0,2.0
steer_immediate_minus64,8.0,8,100,100,500,500,800,800,4000.0,4000,5,1 hour,1,0,1,0,0,1,8,1,0.0,1.0,0.0,0.0,5.0
steer_immediate_minus64,8.0,8,100,100,500,500,800,800,4000.0,4000,5,10 years,1,0,1,0,0,1,8,1,0.0,1.0,0.0,0.0,5.0
steer_immediate_minus64,8.0,8,100,100,500,500,800,800,4000.0,4000,5,2 days,1,0,1,0,0,1,8,1,0.0,1.0,0.0,0.0,5.0
steer_immediate_minus64,8.0,8,100,100,500,500,800,800,4000.0,4000,5,2 years,1,0,1,0,0,1,8,1,0.0,1.0,0.0,0.0,5.0
steer_immediate_minus64,8.0,8,100,100,500,500,800,800,4000.0,4000,5,3 months,1,0,1,0,0,1,8,1,0.0,1.0,0.0,0.0,5.0
steer_immediate_minus64,8.0,8,100,100,500,500,800,800,4000.0,4000,5,3 years,1,1,0,0,0,1,8,1,1.0,0.0,0.0,0.0,5.0
steer_immediate_minus64,8.0,8,100,100,500,500,800,800,4000.0,4000,5,5 years,1,1,0,0,0,1,8,1,1.0,0.0,0.0,0.0,5.0
steer_immediate_minus64,8.0,8,100,100,500,500,800,800,4000.0,4000,5,8 hours,1,1,0,0,0,1,8,1,1.0,0.0,0.0,0.0,5.0
steer_immediate_minus64,8.0,8,100,100,500,500,800,800,4000.0,4000,5,month,1,1,0,0,0,1,8,1,1.0,0.0,0.0,0.0,5.0
steer_immediate_minus64,8.0,8,100,100,500,500,800,800,4000.0,4000,5,tomorrow,1,0,1,0,0,1,8,1,0.0,1.0,0.0,0.0,5.0
steer_immediate_minus64,8.0,8,100,100,500,500,800,800,4000.0,4000,5,week,1,1,0,0,0,1,8,1,1.0,0.0,0.0,0.0,5.0
steer_immediate_minus64,8.0,8,100,100,500,500,800,800,4000.0,4000,5,year,1,1,0,0,0,1,8,1,1.0,0.0,0.0,0.0,5.0
steer_immediate_minus64,8.0,8,100,100,1000,1000,800,800,8000.0,8000,10,1 hour,1,0,1,0,0,1,8,1,0.0,1.0,0.0,0.0,10.0
steer_immediate_minus64,8.0,8,100,100,1000,1000,800,800,8000.0,8000,10,10 years,1,0,1,0,0,1,8,1,0.0,1.0,0.0,0.0,10.0
steer_immediate_minus64,8.0,8,100,100,1000,1000,800,800,8000.0,8000,10,2 days,1,0,1,0,0,1,8,1,0.0,1.0,0.0,0.0,10.0
steer_immediate_minus64,8.0,8,100,100,1000,1000,800,800,8000.0,8000,10,2 years,1,0,1,0,0,1,8,1,0.0,1.0,0.0,0.0,10.0
steer_immediate_minus64,8.0,8,100,100,1000,1000,800,800,8000.0,8000,10,3 months,1,0,1,0,0,1,8,1,0.0,1.0,0.0,0.0,10.0
steer_immediate_minus64,8.0,8,100,100,1000,1000,800,800,8000.0,8000,10,3 years,1,0,1,0,0,1,8,1,0.0,1.0,0.0,0.0,10.0
steer_immediate_minus64,8.0,8,100,100,1000,1000,800,800,8000.0,8000,10,5 years,1,0,1,0,0,1,8,1,0.0,1.0,0.0,0.0,10.0
steer_immediate_minus64,8.0,8,100,100,1000,1000,800,800,8000.0,8000,10,8 hours,1,0,1,0,0,1,8,1,0.0,1.0,0.0,0.0,10.0
steer_immediate_minus64,8.0,8,100,100,1000,1000,800,800,8000.0,8000,10,month,1,0,1,0,0,1,8,1,0.0,1.0,0.0,0.0,10.0
steer_immediate_minus64,8.0,8,100,100,1000,1000,800,800,8000.0,8000,10,tomorrow,1,0,1,0,0,1,8,1,0.0,1.0,0.0,0.0,10.0
steer_immediate_minus64,8.0,8,100,100,1000,1000,800,800,8000.0,8000,10,week,1,0,1,0,0,1,8,1,0.0,1.0,0.0,0.0,10.0
steer_immediate_minus64,8.0,8,100,100,1000,1000,800,800,8000.0,8000,10,year,1,0,1,0,0,1,8,1,0.0,1.0,0.0,0.0,10.0
steer_immediate_minus64,8.0,8,100,100,10000,10000,800,800,80000.0,80000,100,1 hour,1,0,1,0,0,1,8,1,0.0,1.0,0.0,0.0,100.0
steer_immediate_minus64,8.0,8,100,100,10000,10000,800,800,80000.0,80000,100,10 years,1,0,1,0,0,1,8,1,0.0,1.0,0.0,0.0,100.0
steer_immediate_minus64,8.0,8,100,100,10000,10000,800,800,80000.0,80000,100,2 days,1,0,1,0,0,1,8,1,0.0,1.0,0.0,0.0,100.0
steer_immediate_minus64,8.0,8,100,100,10000,10000,800,800,80000.0,80000,100,2 years,1,0,1,0,0,1,8,1,0.0,1.0,0.0,0.0,100.0
steer_immediate_minus64,8.0,8,100,100,10000,10000,800,800,80000.0,80000,100,3 months,1,0,1,0,0,1,8,1,0.0,1.0,0.0,0.0,100.0
steer_immediate_minus64,8.0,8,100,100,10000,10000,800,800,80000.0,80000,100,3 years,1,0,1,0,0,1,8,1,0.0,1.0,0.0,0.0,100.0
steer_immediate_minus64,8.0,8,100,100,10000,10000,800,800,80000.0,80000,100,5 years,1,0,1,0,0,1,8,1,0.0,1.0,0.0,0.0,100.0
steer_immediate_minus64,8.0,8,100,100,10000,10000,800,800,80000.0,80000,100,8 hours,1,0,1,0,0,1,8,1,0.0,1.0,0.0,0.0,100.0
steer_immediate_minus64,8.0,8,100,100,10000,10000,800,800,80000.0,80000,100,month,1,0,1,0,0,1,8,1,0.0,1.0,0.0,0.0,100.0
steer_immediate_minus64,8.0,8,100,100,10000,10000,800,800,80000.0,80000,100,tomorrow,1,0,1,0,0,1,8,1,0.0,1.0,0.0,0.0,100.0
steer_immediate_minus64,8.0,8,100,100,10000,10000,800,800,80000.0,80000,100,week,1,0,1,0,0,1,8,1,0.0,1.0,0.0,0.0,100.0
steer_immediate_minus64,8.0,8,100,100,10000,10000,800,800,80000.0,80000,100,year,1,0,1,0,0,1,8,1,0.0,1.0,0.0,0.0,100.0
